,time,temp,rh,ws,height,water,delta_time,delta_height,growth_rate
0,2016-11-17 14:00:00,3.43,68.98,1.67,5.378823529411767,1.0,0 days 00:00:00.000000000,0.0,
1,2016-11-17 16:00:00,-0.83,89.6,0.34,5.507915294117646,1.0,0 days 02:00:00.000000000,0.1290917647058798,6.45458823529399
2,2016-11-18 10:00:00,4.74,53.88,2.29,5.400338823529411,1.0,0 days 18:00:00.000000000,-0.10757647058823494,-0.5976470588235273
3,2016-11-18 12:00:00,4.56,56.59,2.42,5.540188235294118,1.0,0 days 02:00:00.000000000,0.13984941176470667,6.992470588235333
4,2016-11-18 14:00:00,1.07,86.5,3.32,5.529430588235294,1.0,0 days 02:00:00.000000000,-0.010757647058824205,-0.5378823529412102
5,2016-11-19 10:00:00,0.69,94.7,2.23,5.432611764705883,1.0,0 days 20:00:00.000000000,-0.09681882352941074,-0.4840941176470537
6,2016-11-19 12:00:00,1.68,84.4,2.06,5.4433694117647065,1.0,0 days 02:00:00.000000000,0.010757647058823316,0.5378823529411658
7,2016-11-19 16:00:00,1.39,67.72,1.48,5.604734117647059,1.0,0 days 04:00:00.000000000,0.1613647058823524,4.03411764705881
8,2016-11-20 08:00:00,-2.88,75.3,0.6,5.583218823529411,1.0,0 days 16:00:00.000000000,-0.02151529411764752,-0.134470588235297
9,2016-11-20 10:00:00,-0.48,60.59,0.53,5.454127058823531,1.0,0 days 02:00:00.000000000,-0.12909176470588068,-6.454588235294034
10,2016-11-20 12:00:00,1.69,54.25,2.73,5.497157647058824,1.0,0 days 02:00:00.000000000,0.043030588235293266,2.1515294117646633
11,2016-11-20 14:00:00,2.19,57.7,2.22,5.464884705882354,1.0,0 days 02:00:00.000000000,-0.03227294117646995,-1.6136470588234975
12,2016-11-20 16:00:00,0.86,56.21,2.07,5.583218823529411,1.0,0 days 02:00:00.000000000,0.11833411764705737,5.916705882352868
13,2016-11-21 08:00:00,2.44,79.8,2.19,5.604734117647059,1.0,0 days 16:00:00.000000000,0.02151529411764752,0.134470588235297
14,2016-11-21 10:00:00,3.54,77.8,2.38,5.454127058823531,1.0,0 days 02:00:00.000000000,-0.1506070588235282,-7.53035294117641
15,2016-11-21 12:00:00,5.26,63.81,2.2,5.454127058823531,1.0,0 days 02:00:00.000000000,0.0,0.0
16,2016-11-21 14:00:00,4.27,75.7,1.07,5.604734117647059,1.0,0 days 02:00:00.000000000,0.1506070588235282,7.53035294117641
17,2016-11-21 16:00:00,2.53,87.5,1.3,5.593976470588236,1.0,0 days 02:00:00.000000000,-0.010757647058822428,-0.5378823529411214
18,2016-11-22 08:00:00,2.54,82.1,0.93,5.529430588235294,1.0,0 days 16:00:00.000000000,-0.06454588235294256,-0.403411764705891
19,2016-11-22 10:00:00,4.53,65.1,1.07,5.4433694117647065,1.0,0 days 02:00:00.000000000,-0.08606117647058742,-4.303058823529371
20,2016-11-22 12:00:00,5.63,60.98,2.66,5.4433694117647065,1.0,0 days 02:00:00.000000000,0.0,0.0
21,2016-11-22 14:00:00,4.84,68.8,2.27,5.572461176470588,1.0,0 days 02:00:00.000000000,0.12909176470588157,6.454588235294079
22,2016-11-22 16:00:00,4.33,71.7,1.91,5.099124705882354,1.0,0 days 02:00:00.000000000,-0.4733364705882339,-23.666823529411694
23,2016-11-23 10:00:00,5.2,63.35,1.02,4.90548705882353,0.0,0 days 18:00:00.000000000,-0.19363764705882414,-1.075764705882356
24,2016-11-23 12:00:00,5.55,61.71,2.12,4.8086682352941175,0.0,0 days 02:00:00.000000000,-0.09681882352941251,-4.840941176470626
25,2016-11-23 14:00:00,5.49,64.32,1.69,4.93776,0.0,0 days 02:00:00.000000000,0.12909176470588246,6.454588235294123
26,2016-11-23 16:00:00,3.95,70.3,1.28,4.93776,0.0,0 days 02:00:00.000000000,0.0,0.0
27,2016-11-24 08:00:00,0.25,78.9,0.71,4.916244705882354,0.0,0 days 16:00:00.000000000,-0.021515294117645745,-0.1344705882352859
28,2016-11-24 10:00:00,2.17,66.06,0.48,4.787152941176472,0.0,0 days 02:00:00.000000000,-0.12909176470588246,-6.454588235294123
29,2016-11-24 12:00:00,4.74,56.86,1.29,4.72260705882353,0.0,0 days 02:00:00.000000000,-0.06454588235294167,-3.2272941176470837
30,2016-11-24 14:00:00,4.59,58.59,1.54,4.744122352941177,0.0,0 days 02:00:00.000000000,0.021515294117646633,1.0757647058823316
31,2016-11-24 16:00:00,3.39,70.3,0.67,4.862456470588237,1.0,0 days 02:00:00.000000000,0.11833411764706003,5.916705882353002
32,2016-11-25 08:00:00,1.93,91.9,0.74,4.819425882352942,1.0,0 days 16:00:00.000000000,-0.04303058823529504,-0.268941176470594
33,2016-11-25 10:00:00,2.58,86.8,0.75,4.647303529411765,1.0,0 days 02:00:00.000000000,-0.17212235294117662,-8.60611764705883
34,2016-11-25 12:00:00,3.39,84.1,1.26,4.819425882352942,1.0,0 days 02:00:00.000000000,0.17212235294117662,8.60611764705883
35,2016-11-25 14:00:00,4.06,78.8,0.47,4.787152941176472,1.0,0 days 02:00:00.000000000,-0.03227294117646995,-1.6136470588234975
36,2016-11-25 16:00:00,2.2,87.0,0.1,4.8086682352941175,1.0,0 days 02:00:00.000000000,0.021515294117645745,1.0757647058822872
37,2016-11-26 08:00:00,-0.35,101.3,0.12,4.75488,1.0,0 days 16:00:00.000000000,-0.05378823529411747,-0.3361764705882342
38,2016-11-26 10:00:00,0.75,94.7,0.28,4.6688188235294135,1.0,0 days 02:00:00.000000000,-0.08606117647058653,-4.303058823529327
39,2016-11-26 12:00:00,2.3,82.9,0.77,4.636545882352942,1.0,0 days 02:00:00.000000000,-0.032272941176471726,-1.6136470588235863
40,2016-11-26 14:00:00,2.51,81.8,0.35,4.647303529411765,1.0,0 days 02:00:00.000000000,0.010757647058823316,0.5378823529411658
41,2016-11-26 16:00:00,1.41,92.4,0.99,4.787152941176472,1.0,0 days 02:00:00.000000000,0.13984941176470667,6.992470588235333
42,2016-11-27 08:00:00,-0.74,95.3,0.11,4.797910588235294,1.0,0 days 16:00:00.000000000,0.010757647058822428,0.06723529411764018
43,2016-11-27 10:00:00,1.29,78.4,0.57,4.6257882352941175,1.0,0 days 02:00:00.000000000,-0.17212235294117662,-8.60611764705883
44,2016-11-28 12:00:00,-2.35,50.06,1.81,4.690334117647058,1.0,1 days 02:00:00.000000000,0.06454588235294079,0.24825339366515686
45,2016-11-28 14:00:00,-2.56,45.04,2.74,4.840941176470587,1.0,0 days 02:00:00.000000000,0.1506070588235291,7.530352941176455
46,2016-11-28 16:00:00,-6.17,71.5,0.14,4.959275294117648,1.0,0 days 02:00:00.000000000,0.11833411764706092,5.916705882353046
47,2016-11-29 08:00:00,-14.97,85.9,0.25,5.131397647058824,1.0,0 days 16:00:00.000000000,0.17212235294117573,1.0757647058823483
48,2016-11-29 10:00:00,-13.97,86.2,0.07,4.93776,1.0,0 days 02:00:00.000000000,-0.19363764705882414,-9.681882352941207
49,2016-11-29 12:00:00,-2.1,39.51,0.34,4.830183529411765,1.0,0 days 02:00:00.000000000,-0.10757647058823494,-5.378823529411747
50,2016-11-29 14:00:00,-2.11,46.09,0.4,4.787152941176472,1.0,0 days 02:00:00.000000000,-0.043030588235293266,-2.1515294117646633
51,2016-11-29 16:00:00,-7.42,63.88,0.14,5.013063529411765,1.0,0 days 02:00:00.000000000,0.2259105882352932,11.29552941176466
52,2016-11-30 08:00:00,-11.76,74.0,0.5,5.002305882352942,1.0,0 days 16:00:00.000000000,-0.010757647058823316,-0.06723529411764573
53,2016-11-30 12:00:00,0.22,29.47,1.85,5.002305882352942,1.0,0 days 04:00:00.000000000,0.0,0.0
54,2016-11-30 14:00:00,-0.12,41.42,2.0,5.131397647058824,1.0,0 days 02:00:00.000000000,0.12909176470588246,6.454588235294123
55,2016-12-01 08:00:00,-6.98,64.55,0.43,5.30352,1.0,0 days 18:00:00.000000000,0.17212235294117573,0.9562352941176427
56,2016-12-01 10:00:00,-5.83,59.37,0.4,5.378823529411767,1.0,0 days 02:00:00.000000000,0.07530352941176677,3.7651764705883384
57,2016-12-01 12:00:00,-2.58,60.88,0.29,5.421854117647059,1.0,0 days 02:00:00.000000000,0.04303058823529238,2.151529411764619
58,2016-12-01 14:00:00,-0.33,58.19,0.54,5.3357929411764715,1.0,0 days 02:00:00.000000000,-0.08606117647058742,-4.303058823529371
59,2016-12-01 16:00:00,-3.51,72.7,0.48,5.4864000000000015,1.0,0 days 02:00:00.000000000,0.15060705882352998,7.530352941176499
60,2016-12-02 08:00:00,-6.98,71.9,0.75,5.4864000000000015,1.0,0 days 16:00:00.000000000,0.0,0.0
61,2016-12-02 10:00:00,-6.27,66.06,0.4,5.4756423529411755,1.0,0 days 02:00:00.000000000,-0.010757647058825981,-0.537882352941299
62,2016-12-02 12:00:00,2.87,33.2,2.29,5.4433694117647065,1.0,0 days 02:00:00.000000000,-0.03227294117646906,-1.613647058823453
63,2016-12-02 14:00:00,2.25,28.99,1.54,5.647764705882353,1.0,0 days 02:00:00.000000000,0.20439529411764656,10.219764705882328
64,2016-12-02 16:00:00,-4.1,52.7,0.38,5.701552941176471,1.0,0 days 02:00:00.000000000,0.05378823529411836,2.689411764705918
65,2016-12-03 08:00:00,-12.23,75.2,0.25,6.045797647058825,1.0,0 days 16:00:00.000000000,0.34424470588235323,2.1515294117647077
66,2016-12-03 10:00:00,-11.28,74.2,0.11,6.33625411764706,1.0,0 days 02:00:00.000000000,0.29045647058823576,14.522823529411788
67,2016-12-03 12:00:00,-1.5,35.3,0.09,6.325496470588236,1.0,0 days 02:00:00.000000000,-0.010757647058824205,-0.5378823529412102
68,2016-12-03 14:00:00,-2.69,42.97,1.73,6.4438305882352935,1.0,0 days 02:00:00.000000000,0.11833411764705737,5.916705882352868
69,2016-12-03 16:00:00,-7.51,67.5,0.15,6.454588235294117,1.0,0 days 02:00:00.000000000,0.010757647058823316,0.5378823529411658
70,2016-12-04 08:00:00,-13.69,88.4,0.08,6.6374682352941194,1.0,0 days 16:00:00.000000000,0.1828800000000026,1.1430000000000162
71,2016-12-04 10:00:00,-12.54,86.7,0.07,6.777317647058824,1.0,0 days 02:00:00.000000000,0.1398494117647049,6.9924705882352445
72,2016-12-04 12:00:00,-3.9,51.56,2.97,6.6267105882352935,1.0,0 days 02:00:00.000000000,-0.15060705882353087,-7.5303529411765435
73,2016-12-04 14:00:00,-4.23,57.42,3.27,6.7450447058823535,1.0,0 days 02:00:00.000000000,0.11833411764706003,5.916705882353002
74,2016-12-04 16:00:00,-7.83,75.3,0.04,6.723529411764706,1.0,0 days 02:00:00.000000000,-0.02151529411764752,-1.075764705882376
75,2016-12-05 08:00:00,-15.25,83.9,0.0,6.9386823529411785,1.0,0 days 16:00:00.000000000,0.21515294117647255,1.3447058823529534
76,2016-12-05 10:00:00,-14.48,87.1,0.09,6.917167058823531,1.0,0 days 02:00:00.000000000,-0.02151529411764752,-1.075764705882376
77,2016-12-05 12:00:00,-4.38,38.25,0.46,6.433072941176472,1.0,0 days 02:00:00.000000000,-0.484094117647059,-24.20470588235295
78,2016-12-05 14:00:00,-3.98,43.78,1.98,6.164131764705883,1.0,0 days 02:00:00.000000000,-0.2689411764705891,-13.447058823529456
79,2016-12-05 16:00:00,-8.96,67.31,0.08,6.250192941176469,1.0,0 days 02:00:00.000000000,0.08606117647058653,4.303058823529327
80,2016-12-06 08:00:00,-13.48,74.9,0.2,6.831105882352941,1.0,0 days 16:00:00.000000000,0.5809129411764715,3.630705882352947
81,2016-12-06 10:00:00,-12.28,72.7,0.12,6.605195294117648,1.0,0 days 02:00:00.000000000,-0.2259105882352932,-11.29552941176466
82,2016-12-06 12:00:00,-1.3,28.28,1.7,6.648225882352942,1.0,0 days 02:00:00.000000000,0.043030588235294154,2.1515294117647077
83,2016-12-06 14:00:00,-2.03,37.49,1.85,6.239435294117647,1.0,0 days 02:00:00.000000000,-0.4087905882352949,-20.439529411764745
84,2016-12-06 16:00:00,-7.01,56.79,0.07,6.271708235294117,1.0,0 days 02:00:00.000000000,0.03227294117646995,1.6136470588234975
85,2016-12-07 08:00:00,-12.72,69.36,0.22,6.874136470588236,1.0,0 days 16:00:00.000000000,0.602428235294119,3.7651764705882442
86,2016-12-07 10:00:00,-11.26,67.14,0.08,6.8848941176470575,1.0,0 days 02:00:00.000000000,0.01075764705882154,0.537882352941077
87,2016-12-07 12:00:00,0.61,41.11,0.64,6.357769411764706,1.0,0 days 02:00:00.000000000,-0.5271247058823514,-26.356235294117567
88,2016-12-07 14:00:00,1.39,41.35,0.59,6.33625411764706,1.0,0 days 02:00:00.000000000,-0.021515294117645745,-1.0757647058822872
89,2016-12-07 16:00:00,-5.18,62.2,0.13,6.422315294117648,1.0,0 days 02:00:00.000000000,0.08606117647058742,4.303058823529371
90,2016-12-08 08:00:00,-8.69,70.3,0.16,6.357769411764706,1.0,0 days 16:00:00.000000000,-0.06454588235294167,-0.40341176470588547
91,2016-12-08 10:00:00,-7.13,65.48,0.23,6.379284705882354,1.0,0 days 02:00:00.000000000,0.02151529411764752,1.075764705882376
92,2016-12-08 12:00:00,2.44,29.87,1.03,6.293223529411764,1.0,0 days 02:00:00.000000000,-0.0860611764705892,-4.30305882352946
93,2016-12-08 16:00:00,-3.0,61.24,0.06,6.3685270588235285,1.0,0 days 04:00:00.000000000,0.0753035294117641,1.8825882352941026
94,2016-12-09 08:00:00,-7.57,62.87,0.4,6.4115576470588245,1.0,0 days 16:00:00.000000000,0.04303058823529593,0.26894117647059956
95,2016-12-09 10:00:00,-6.05,49.81,0.47,6.433072941176472,1.0,0 days 02:00:00.000000000,0.02151529411764752,1.075764705882376
96,2016-12-09 12:00:00,4.35,34.87,0.54,6.3685270588235285,1.0,0 days 02:00:00.000000000,-0.06454588235294345,-3.2272941176471726
97,2016-12-09 14:00:00,4.4,43.68,0.39,6.476103529411764,1.0,0 days 02:00:00.000000000,0.10757647058823583,5.378823529411791
98,2016-12-09 16:00:00,0.2,63.69,0.11,6.433072941176472,1.0,0 days 02:00:00.000000000,-0.04303058823529238,-2.151529411764619
99,2016-12-10 08:00:00,-6.32,73.4,0.11,6.5514070588235285,1.0,0 days 16:00:00.000000000,0.11833411764705648,0.739588235294103
100,2016-12-10 10:00:00,-5.6,71.8,0.13,6.594437647058824,1.0,0 days 02:00:00.000000000,0.04303058823529593,2.1515294117647965
101,2016-12-10 12:00:00,5.02,38.75,1.56,6.486861176470589,1.0,0 days 02:00:00.000000000,-0.10757647058823583,-5.378823529411791
102,2016-12-10 14:00:00,6.51,39.73,0.74,6.572922352941176,1.0,0 days 02:00:00.000000000,0.08606117647058742,4.303058823529371
103,2016-12-10 16:00:00,-1.01,66.63,0.18,6.486861176470589,1.0,0 days 02:00:00.000000000,-0.08606117647058742,-4.303058823529371
104,2016-12-11 10:00:00,-2.4,46.71,0.81,6.508376470588236,1.0,0 days 18:00:00.000000000,0.02151529411764752,0.11952941176470842
105,2016-12-11 12:00:00,5.43,23.99,1.7,6.497618823529412,1.0,0 days 02:00:00.000000000,-0.010757647058824205,-0.5378823529412102
106,2016-12-11 14:00:00,1.45,39.03,0.45,6.583680000000001,1.0,0 days 02:00:00.000000000,0.0860611764705892,4.30305882352946
107,2016-12-12 08:00:00,-1.24,52.51,1.27,7.046258823529412,1.0,0 days 18:00:00.000000000,0.4625788235294106,2.5698823529411694
108,2016-12-12 12:00:00,0.1,43.16,2.87,7.541110588235295,1.0,0 days 04:00:00.000000000,0.4948517647058832,12.37129411764708
109,2016-12-12 14:00:00,-0.74,50.9,2.6,7.401261176470588,1.0,0 days 02:00:00.000000000,-0.13984941176470667,-6.992470588235333
110,2016-12-13 08:00:00,-12.78,76.6,0.06,7.304442352941178,1.0,0 days 18:00:00.000000000,-0.09681882352940985,-0.5378823529411657
111,2016-12-13 10:00:00,-11.28,67.94,0.29,7.325957647058824,1.0,0 days 02:00:00.000000000,0.021515294117645745,1.0757647058822872
112,2016-12-13 12:00:00,0.62,21.6,0.16,7.551868235294116,1.0,0 days 02:00:00.000000000,0.2259105882352923,11.295529411764615
113,2016-12-13 14:00:00,-0.16,39.48,1.42,7.358230588235293,1.0,0 days 02:00:00.000000000,-0.19363764705882325,-9.681882352941162
114,2016-12-13 16:00:00,-4.53,62.67,0.14,7.433534117647059,1.0,0 days 02:00:00.000000000,0.07530352941176588,3.765176470588294
115,2016-12-14 08:00:00,-8.63,84.7,0.29,7.508837647058824,1.0,0 days 16:00:00.000000000,0.07530352941176499,0.4706470588235312
116,2016-12-14 10:00:00,-8.55,80.6,0.09,7.487322352941176,1.0,0 days 02:00:00.000000000,-0.02151529411764841,-1.0757647058824205
117,2016-12-14 12:00:00,0.91,50.19,0.8,7.465807058823528,0.0,0 days 02:00:00.000000000,-0.02151529411764752,-1.075764705882376
118,2016-12-14 14:00:00,0.86,54.97,1.86,7.476564705882352,0.0,0 days 02:00:00.000000000,0.010757647058824205,0.5378823529412102
119,2016-12-14 16:00:00,-4.28,75.8,0.2,7.616414117647059,0.0,0 days 02:00:00.000000000,0.13984941176470667,6.992470588235333
120,2016-12-15 08:00:00,-11.98,86.7,0.09,7.476564705882352,0.0,0 days 16:00:00.000000000,-0.13984941176470667,-0.8740588235294167
121,2016-12-15 10:00:00,-11.46,83.1,0.13,7.487322352941176,0.0,0 days 02:00:00.000000000,0.010757647058823316,0.5378823529411658
122,2016-12-15 12:00:00,-0.63,35.3,0.82,7.5948988235294115,0.0,0 days 02:00:00.000000000,0.10757647058823583,5.378823529411791
123,2016-12-15 14:00:00,-0.53,42.43,1.59,7.853082352941178,0.0,0 days 02:00:00.000000000,0.2581835294117667,12.909176470588335
124,2016-12-16 08:00:00,-13.47,80.7,0.15,8.175811764705884,0.0,0 days 18:00:00.000000000,0.3227294117647057,1.7929411764705867
125,2016-12-16 10:00:00,-12.8,78.6,0.26,8.132781176470589,0.0,0 days 02:00:00.000000000,-0.04303058823529504,-2.151529411764752
126,2016-12-16 12:00:00,-1.16,34.64,0.67,7.680960000000001,0.0,0 days 02:00:00.000000000,-0.45182117647058817,-22.59105882352941
127,2016-12-16 14:00:00,-1.23,37.09,1.59,7.7132329411764715,0.0,0 days 02:00:00.000000000,0.03227294117647084,1.6136470588235419
128,2016-12-16 16:00:00,-7.01,62.61,0.07,8.025204705882352,1.0,0 days 02:00:00.000000000,0.3119717647058806,15.59858823529403
129,2016-12-17 12:00:00,-0.59,37.85,0.4,8.089750588235294,1.0,0 days 20:00:00.000000000,0.06454588235294167,0.3227294117647084
130,2016-12-17 14:00:00,-0.56,36.02,1.27,8.122023529411765,1.0,0 days 02:00:00.000000000,0.03227294117647084,1.6136470588235419
131,2016-12-17 16:00:00,-5.36,53.64,0.25,8.56308705882353,1.0,0 days 02:00:00.000000000,0.44106352941176574,22.053176470588287
132,2016-12-18 08:00:00,-12.74,68.74,0.35,8.77824,1.0,0 days 16:00:00.000000000,0.21515294117646988,1.3447058823529368
133,2016-12-18 10:00:00,-11.65,65.33,0.19,8.885816470588235,1.0,0 days 02:00:00.000000000,0.10757647058823494,5.378823529411747
134,2016-12-18 12:00:00,-1.4,33.9,0.91,8.99339294117647,1.0,0 days 02:00:00.000000000,0.10757647058823494,5.378823529411747
135,2016-12-18 14:00:00,-0.36,43.23,1.24,9.004150588235293,1.0,0 days 02:00:00.000000000,0.010757647058822428,0.5378823529411214
136,2016-12-18 16:00:00,-4.83,60.86,0.28,8.99339294117647,1.0,0 days 02:00:00.000000000,-0.010757647058822428,-0.5378823529411214
137,2016-12-19 08:00:00,-6.45,66.38,2.01,9.02566588235294,1.0,0 days 16:00:00.000000000,0.03227294117646906,0.20170588235293163
138,2016-12-19 10:00:00,-4.65,59.82,3.21,9.24081882352941,1.0,0 days 02:00:00.000000000,0.21515294117647166,10.757647058823583
139,2016-12-19 12:00:00,-2.72,50.15,2.35,9.07945411764706,1.0,0 days 02:00:00.000000000,-0.16136470588235063,-8.068235294117532
140,2016-12-19 14:00:00,-2.64,48.18,4.13,8.950362352941179,1.0,0 days 02:00:00.000000000,-0.12909176470588157,-6.454588235294079
141,2016-12-19 16:00:00,-3.86,50.43,2.88,9.531275294117648,1.0,0 days 02:00:00.000000000,0.5809129411764697,29.045647058823487
142,2016-12-20 08:00:00,-6.57,77.4,0.73,9.595821176470588,1.0,0 days 16:00:00.000000000,0.0645458823529399,0.40341176470587436
143,2016-12-20 10:00:00,-4.31,75.9,1.17,9.423698823529412,1.0,0 days 02:00:00.000000000,-0.17212235294117662,-8.60611764705883
144,2016-12-20 12:00:00,-1.47,68.34,1.33,9.466729411764707,1.0,0 days 02:00:00.000000000,0.04303058823529504,2.151529411764752
145,2016-12-20 14:00:00,0.39,69.9,1.02,9.44521411764706,1.0,0 days 02:00:00.000000000,-0.021515294117646633,-1.0757647058823316
146,2016-12-20 16:00:00,-0.93,77.1,0.7,9.617336470588237,1.0,0 days 02:00:00.000000000,0.17212235294117662,8.60611764705883
147,2016-12-21 08:00:00,-4.03,92.0,0.48,9.552790588235297,1.0,0 days 16:00:00.000000000,-0.0645458823529399,-0.40341176470587436
148,2016-12-21 10:00:00,-5.8,94.3,0.23,9.531275294117648,1.0,0 days 02:00:00.000000000,-0.02151529411764841,-1.0757647058824205
149,2016-12-21 12:00:00,1.51,60.73,1.69,9.47748705882353,1.0,0 days 02:00:00.000000000,-0.05378823529411925,-2.6894117647059623
150,2016-12-21 14:00:00,1.18,65.33,1.83,9.208545882352944,0.0,0 days 02:00:00.000000000,-0.2689411764705856,-13.447058823529279
151,2016-12-21 16:00:00,-3.26,77.8,0.13,9.230061176470588,0.0,0 days 02:00:00.000000000,0.021515294117644856,1.0757647058822428
152,2016-12-22 12:00:00,1.15,41.11,0.53,9.090211764705883,0.0,0 days 20:00:00.000000000,-0.13984941176470578,-0.6992470588235289
153,2016-12-22 14:00:00,2.1,44.96,1.4,9.04718117647059,0.0,0 days 02:00:00.000000000,-0.043030588235293266,-2.1515294117646633
154,2016-12-22 16:00:00,-4.18,67.34,0.02,9.176272941176473,0.0,0 days 02:00:00.000000000,0.12909176470588335,6.4545882352941675
155,2016-12-23 08:00:00,-8.36,71.8,0.43,9.154757647058824,0.0,0 days 16:00:00.000000000,-0.02151529411764841,-0.13447058823530256
156,2016-12-23 10:00:00,-7.72,73.1,0.2,9.07945411764706,0.0,0 days 02:00:00.000000000,-0.0753035294117641,-3.765176470588205
157,2016-12-23 12:00:00,1.12,39.83,1.04,8.971877647058824,0.0,0 days 02:00:00.000000000,-0.10757647058823672,-5.378823529411836
158,2016-12-23 14:00:00,1.44,51.43,1.48,9.036423529411763,0.0,0 days 02:00:00.000000000,0.0645458823529399,3.227294117646995
159,2016-12-23 16:00:00,-3.76,72.6,0.24,9.068696470588236,0.0,0 days 02:00:00.000000000,0.032272941176472614,1.6136470588236307
160,2016-12-24 08:00:00,-8.27,65.89,0.44,9.122484705882352,0.0,0 days 16:00:00.000000000,0.053788235294115694,0.3361764705882231
161,2016-12-24 10:00:00,-2.64,44.63,0.5,8.918089411764708,0.0,0 days 02:00:00.000000000,-0.2043952941176439,-10.219764705882195
162,2016-12-24 12:00:00,2.04,26.88,0.57,8.982635294117648,0.0,0 days 02:00:00.000000000,0.0645458823529399,3.227294117646995
163,2016-12-24 14:00:00,2.67,33.2,0.84,8.96112,0.0,0 days 02:00:00.000000000,-0.02151529411764841,-1.0757647058824205
164,2016-12-24 16:00:00,-3.06,57.24,0.4,9.090211764705883,0.0,0 days 02:00:00.000000000,0.12909176470588335,6.4545882352941675
165,2016-12-25 08:00:00,-2.28,83.7,0.32,9.133242352941178,0.0,0 days 16:00:00.000000000,0.04303058823529504,0.268941176470594
166,2016-12-25 10:00:00,2.13,61.65,1.16,8.939604705882351,0.0,0 days 02:00:00.000000000,-0.1936376470588268,-9.68188235294134
167,2016-12-25 12:00:00,4.59,59.75,1.57,8.939604705882351,0.0,0 days 02:00:00.000000000,0.0,0.0
168,2016-12-25 14:00:00,4.47,57.13,2.04,9.004150588235293,0.0,0 days 02:00:00.000000000,0.06454588235294167,3.2272941176470837
169,2016-12-25 16:00:00,2.88,75.3,0.64,9.057938823529412,0.0,0 days 02:00:00.000000000,0.05378823529411925,2.6894117647059623
170,2016-12-26 08:00:00,-5.26,76.4,0.23,9.122484705882352,0.0,0 days 16:00:00.000000000,0.0645458823529399,0.40341176470587436
171,2016-12-26 10:00:00,-3.83,71.7,0.27,9.133242352941178,0.0,0 days 02:00:00.000000000,0.010757647058825981,0.537882352941299
172,2016-12-26 12:00:00,4.7,42.83,0.87,8.971877647058824,0.0,0 days 02:00:00.000000000,-0.1613647058823542,-8.06823529411771
173,2016-12-26 14:00:00,6.28,43.6,0.45,9.057938823529412,0.0,0 days 02:00:00.000000000,0.08606117647058831,4.303058823529415
174,2016-12-26 16:00:00,0.85,64.89,0.59,9.122484705882352,0.0,0 days 02:00:00.000000000,0.0645458823529399,3.227294117646995
175,2016-12-27 08:00:00,-7.33,53.49,0.57,9.187030588235297,0.0,0 days 16:00:00.000000000,0.06454588235294523,0.40341176470590767
176,2016-12-27 10:00:00,-7.28,48.33,0.75,9.144,0.0,0 days 02:00:00.000000000,-0.04303058823529682,-2.151529411764841
177,2016-12-27 12:00:00,-0.52,19.12,2.36,9.068696470588236,0.0,0 days 02:00:00.000000000,-0.0753035294117641,-3.765176470588205
178,2016-12-27 14:00:00,-0.68,19.58,3.77,9.176272941176473,0.0,0 days 02:00:00.000000000,0.10757647058823672,5.378823529411836
179,2016-12-27 16:00:00,-2.9,34.71,1.11,9.090211764705883,0.0,0 days 02:00:00.000000000,-0.08606117647059008,-4.303058823529504
180,2016-12-28 08:00:00,-8.13,60.75,0.64,9.165515294117649,0.0,0 days 16:00:00.000000000,0.07530352941176588,0.47064705882353675
181,2016-12-28 10:00:00,-3.57,43.25,0.71,9.100969411764707,0.0,0 days 02:00:00.000000000,-0.06454588235294167,-3.2272941176470837
182,2016-12-28 12:00:00,1.26,28.2,2.03,8.99339294117647,0.0,0 days 02:00:00.000000000,-0.10757647058823672,-5.378823529411836
183,2016-12-28 14:00:00,1.31,27.12,1.31,8.971877647058824,0.0,0 days 02:00:00.000000000,-0.021515294117646633,-1.0757647058823316
184,2016-12-28 16:00:00,-4.64,49.89,0.41,9.176272941176473,0.0,0 days 02:00:00.000000000,0.20439529411764923,10.219764705882461
185,2016-12-29 08:00:00,-11.3,61.11,0.41,9.197788235294118,0.0,0 days 16:00:00.000000000,0.021515294117644856,0.13447058823528035
186,2016-12-29 10:00:00,-10.31,59.81,0.23,9.122484705882352,0.0,0 days 02:00:00.000000000,-0.07530352941176588,-3.765176470588294
187,2016-12-29 12:00:00,-0.19,32.89,1.19,9.090211764705883,0.0,0 days 02:00:00.000000000,-0.03227294117646906,-1.613647058823453
188,2016-12-29 14:00:00,0.49,32.8,1.6,9.133242352941178,0.0,0 days 02:00:00.000000000,0.04303058823529504,2.151529411764752
189,2016-12-29 16:00:00,-4.77,56.58,0.07,9.100969411764707,0.0,0 days 02:00:00.000000000,-0.03227294117647084,-1.6136470588235419
190,2016-12-30 08:00:00,-11.39,69.55,0.29,9.208545882352944,0.0,0 days 16:00:00.000000000,0.10757647058823672,0.6723529411764795
191,2016-12-30 10:00:00,-10.94,80.2,0.26,9.165515294117649,0.0,0 days 02:00:00.000000000,-0.04303058823529504,-2.151529411764752
192,2016-12-30 12:00:00,0.91,25.07,0.2,9.057938823529412,0.0,0 days 02:00:00.000000000,-0.10757647058823672,-5.378823529411836
193,2016-12-30 14:00:00,1.57,33.26,0.56,9.057938823529412,0.0,0 days 02:00:00.000000000,0.0,0.0
194,2016-12-30 16:00:00,-5.62,65.01,0.14,9.197788235294118,0.0,0 days 02:00:00.000000000,0.13984941176470578,6.992470588235289
195,2016-12-31 08:00:00,-12.44,77.8,0.08,9.326880000000001,0.0,0 days 16:00:00.000000000,0.12909176470588335,0.8068235294117709
196,2016-12-31 10:00:00,-11.33,69.48,0.05,9.144,0.0,0 days 02:00:00.000000000,-0.18288000000000082,-9.144000000000041
197,2016-12-31 12:00:00,1.29,28.29,0.31,9.014908235294117,0.0,0 days 02:00:00.000000000,-0.12909176470588335,-6.4545882352941675
198,2016-12-31 14:00:00,0.85,32.8,1.49,9.057938823529412,0.0,0 days 02:00:00.000000000,0.04303058823529504,2.151529411764752
199,2017-01-01 12:00:00,-0.94,30.76,0.64,9.122484705882352,0.0,0 days 22:00:00.000000000,0.0645458823529399,0.29339037433154497
200,2017-01-01 14:00:00,-0.77,35.08,2.1,9.100969411764707,0.0,0 days 02:00:00.000000000,-0.021515294117644856,-1.0757647058822428
201,2017-01-01 16:00:00,-6.09,58.33,0.1,9.07945411764706,0.0,0 days 02:00:00.000000000,-0.021515294117646633,-1.0757647058823316
202,2017-01-02 08:00:00,-13.54,69.49,0.3,9.100969411764707,0.0,0 days 16:00:00.000000000,0.021515294117646633,0.13447058823529145
203,2017-01-02 12:00:00,-3.32,32.85,0.66,9.036423529411763,0.0,0 days 04:00:00.000000000,-0.06454588235294345,-1.6136470588235863
204,2017-01-02 14:00:00,-2.02,36.38,0.53,9.100969411764707,0.0,0 days 02:00:00.000000000,0.06454588235294345,3.2272941176471726
205,2017-01-02 16:00:00,-5.75,46.7,0.7,9.176272941176473,0.0,0 days 02:00:00.000000000,0.07530352941176588,3.765176470588294
206,2017-01-03 08:00:00,-15.68,83.1,0.19,9.29460705882353,0.0,0 days 16:00:00.000000000,0.11833411764705737,0.7395882352941086
207,2017-01-03 10:00:00,-15.24,78.3,0.48,9.187030588235297,0.0,0 days 02:00:00.000000000,-0.10757647058823316,-5.378823529411658
208,2017-01-03 12:00:00,-7.24,37.73,1.16,9.036423529411763,0.0,0 days 02:00:00.000000000,-0.15060705882353354,-7.530352941176677
209,2017-01-03 14:00:00,-6.93,34.5,3.0,9.187030588235297,0.0,0 days 02:00:00.000000000,0.15060705882353354,7.530352941176677
210,2017-01-03 16:00:00,-10.49,50.53,0.11,9.187030588235297,0.0,0 days 02:00:00.000000000,0.0,0.0
211,2017-01-04 08:00:00,-4.08,69.79,0.39,9.176272941176473,0.0,0 days 16:00:00.000000000,-0.010757647058824205,-0.06723529411765128
212,2017-01-04 10:00:00,-4.15,84.8,0.71,9.197788235294118,0.0,0 days 02:00:00.000000000,0.021515294117644856,1.0757647058822428
213,2017-01-04 12:00:00,-1.24,49.95,0.93,9.04718117647059,0.0,0 days 02:00:00.000000000,-0.1506070588235282,-7.53035294117641
214,2017-01-04 14:00:00,-0.47,30.47,1.53,8.982635294117648,0.0,0 days 02:00:00.000000000,-0.06454588235294167,-3.2272941176470837
215,2017-01-04 16:00:00,-5.43,73.6,2.06,9.187030588235297,0.0,0 days 02:00:00.000000000,0.20439529411764923,10.219764705882461
216,2017-01-05 10:00:00,-12.65,71.1,2.75,9.154757647058824,0.0,0 days 18:00:00.000000000,-0.032272941176472614,-0.17929411764707004
217,2017-01-05 12:00:00,-12.01,72.6,1.98,9.176272941176473,0.0,0 days 02:00:00.000000000,0.02151529411764841,1.0757647058824205
218,2017-01-06 08:00:00,-23.9,74.4,0.19,9.30536470588235,0.0,0 days 20:00:00.000000000,0.12909176470587802,0.6454588235293901
219,2017-01-06 10:00:00,-23.35,78.0,0.19,9.208545882352944,0.0,0 days 02:00:00.000000000,-0.09681882352940718,-4.840941176470359
220,2017-01-06 12:00:00,-14.08,28.86,1.88,9.014908235294117,0.0,0 days 02:00:00.000000000,-0.1936376470588268,-9.68188235294134
221,2017-01-06 14:00:00,-13.91,42.69,2.95,9.122484705882352,0.0,0 days 02:00:00.000000000,0.10757647058823494,5.378823529411747
222,2017-01-06 16:00:00,-18.83,69.34,0.18,9.29460705882353,0.0,0 days 02:00:00.000000000,0.1721223529411784,8.60611764705892
223,2017-01-07 08:00:00,-17.74,71.4,0.39,9.251576470588235,0.0,0 days 16:00:00.000000000,-0.04303058823529504,-0.268941176470594
224,2017-01-07 10:00:00,-12.95,53.22,0.3,9.122484705882352,0.0,0 days 02:00:00.000000000,-0.12909176470588335,-6.4545882352941675
225,2017-01-07 12:00:00,-5.98,44.92,1.86,9.014908235294117,0.0,0 days 02:00:00.000000000,-0.10757647058823494,-5.378823529411747
226,2017-01-07 14:00:00,-6.25,46.24,2.51,9.122484705882352,0.0,0 days 02:00:00.000000000,0.10757647058823494,5.378823529411747
227,2017-01-07 16:00:00,-6.44,57.01,2.16,9.208545882352944,0.0,0 days 02:00:00.000000000,0.08606117647059186,4.303058823529593
228,2017-01-08 08:00:00,-3.93,46.5,2.37,9.176272941176473,0.0,0 days 16:00:00.000000000,-0.03227294117647084,-0.20170588235294273
229,2017-01-08 10:00:00,-3.8,46.89,1.07,9.11172705882353,0.0,0 days 02:00:00.000000000,-0.06454588235294345,-3.2272941176471726
230,2017-01-08 12:00:00,-4.08,51.24,3.38,9.068696470588236,0.0,0 days 02:00:00.000000000,-0.043030588235293266,-2.1515294117646633
231,2017-01-08 14:00:00,-3.84,51.21,1.31,9.004150588235293,0.0,0 days 02:00:00.000000000,-0.06454588235294345,-3.2272941176471726
232,2017-01-08 16:00:00,-7.18,58.73,0.58,9.187030588235297,0.0,0 days 02:00:00.000000000,0.18288000000000437,9.144000000000219
233,2017-01-09 08:00:00,-17.5,74.1,0.23,9.326880000000001,0.0,0 days 16:00:00.000000000,0.139849411764704,0.8740588235294
234,2017-01-09 10:00:00,-15.29,63.42,0.28,9.176272941176473,0.0,0 days 02:00:00.000000000,-0.1506070588235282,-7.53035294117641
235,2017-01-09 12:00:00,-3.86,24.95,0.42,9.068696470588236,0.0,0 days 02:00:00.000000000,-0.10757647058823672,-5.378823529411836
236,2017-01-09 14:00:00,-3.02,31.6,2.19,9.02566588235294,0.0,0 days 02:00:00.000000000,-0.04303058823529682,-2.151529411764841
237,2017-01-10 08:00:00,-15.08,63.95,0.14,9.26233411764706,0.0,0 days 18:00:00.000000000,0.23666823529412007,1.3148235294117778
238,2017-01-10 10:00:00,-9.42,42.33,0.31,9.154757647058824,0.0,0 days 02:00:00.000000000,-0.10757647058823494,-5.378823529411747
239,2017-01-10 12:00:00,-5.7,39.74,1.88,9.014908235294117,0.0,0 days 02:00:00.000000000,-0.13984941176470755,-6.992470588235378
240,2017-01-10 14:00:00,-6.46,52.24,1.12,9.02566588235294,0.0,0 days 02:00:00.000000000,0.010757647058822428,0.5378823529411214
241,2017-01-10 16:00:00,-10.54,74.1,0.28,9.219303529411764,0.0,0 days 02:00:00.000000000,0.19363764705882502,9.681882352941251
242,2017-01-11 08:00:00,-13.23,69.87,0.18,9.24081882352941,0.0,0 days 16:00:00.000000000,0.021515294117646633,0.13447058823529145
243,2017-01-11 10:00:00,-13.88,70.8,0.3,9.208545882352944,0.0,0 days 02:00:00.000000000,-0.032272941176467285,-1.6136470588233642
244,2017-01-11 12:00:00,-5.58,43.54,1.67,9.04718117647059,0.0,0 days 02:00:00.000000000,-0.1613647058823542,-8.06823529411771
245,2017-01-11 14:00:00,-4.94,44.2,1.34,9.197788235294118,0.0,0 days 02:00:00.000000000,0.1506070588235282,7.53035294117641
246,2017-01-11 16:00:00,-4.74,52.84,0.3,9.144,0.0,0 days 02:00:00.000000000,-0.05378823529411747,-2.6894117647058735
247,2017-01-12 08:00:00,-9.62,72.5,0.43,9.154757647058824,0.0,0 days 16:00:00.000000000,0.010757647058824205,0.06723529411765128
248,2017-01-12 10:00:00,-9.6,71.9,0.27,9.208545882352944,0.0,0 days 02:00:00.000000000,0.05378823529411925,2.6894117647059623
249,2017-01-12 12:00:00,-1.99,38.66,0.6,9.04718117647059,0.0,0 days 02:00:00.000000000,-0.1613647058823542,-8.06823529411771
250,2017-01-12 14:00:00,0.49,43.72,1.09,8.99339294117647,0.0,0 days 02:00:00.000000000,-0.05378823529411925,-2.6894117647059623
251,2017-01-12 16:00:00,0.28,47.8,2.07,9.11172705882353,0.0,0 days 02:00:00.000000000,0.11833411764705914,5.916705882352957
252,2017-01-13 14:00:00,-10.05,49.92,2.56,9.122484705882352,0.0,0 days 22:00:00.000000000,0.010757647058822428,0.048898395721920125
253,2017-01-13 16:00:00,-10.78,58.97,3.07,9.133242352941178,0.0,0 days 02:00:00.000000000,0.010757647058825981,0.537882352941299
254,2017-01-14 08:00:00,-9.33,72.0,0.67,9.197788235294118,0.0,0 days 16:00:00.000000000,0.0645458823529399,0.40341176470587436
255,2017-01-14 10:00:00,-8.17,56.09,1.54,9.11172705882353,0.0,0 days 02:00:00.000000000,-0.08606117647058831,-4.303058823529415
256,2017-01-14 12:00:00,-7.41,45.63,2.01,9.02566588235294,0.0,0 days 02:00:00.000000000,-0.08606117647059008,-4.303058823529504
257,2017-01-14 14:00:00,-8.18,46.17,1.73,9.165515294117649,0.0,0 days 02:00:00.000000000,0.13984941176470933,6.9924705882354665
258,2017-01-14 16:00:00,-9.6,52.94,1.52,9.07945411764706,0.0,0 days 02:00:00.000000000,-0.08606117647058831,-4.303058823529415
259,2017-01-15 08:00:00,-19.27,79.7,0.2,9.283849411764708,0.0,0 days 16:00:00.000000000,0.20439529411764745,1.2774705882352966
260,2017-01-15 10:00:00,-18.99,77.2,0.01,9.133242352941178,0.0,0 days 02:00:00.000000000,-0.15060705882352998,-7.530352941176499
261,2017-01-15 12:00:00,-11.91,44.18,3.37,8.99339294117647,0.0,0 days 02:00:00.000000000,-0.13984941176470755,-6.992470588235378
262,2017-01-15 14:00:00,-11.24,44.56,1.46,9.133242352941178,0.0,0 days 02:00:00.000000000,0.13984941176470755,6.992470588235378
263,2017-01-15 16:00:00,-13.97,61.73,0.28,9.154757647058824,0.0,0 days 02:00:00.000000000,0.021515294117646633,1.0757647058823316
264,2017-01-16 08:00:00,-22.14,77.2,0.05,9.26233411764706,0.0,0 days 16:00:00.000000000,0.10757647058823494,0.6723529411764684
265,2017-01-16 10:00:00,-21.51,75.8,0.15,9.176272941176473,0.0,0 days 02:00:00.000000000,-0.08606117647058653,-4.303058823529327
266,2017-01-16 12:00:00,-15.35,46.03,1.07,9.07945411764706,0.0,0 days 02:00:00.000000000,-0.09681882352941251,-4.840941176470626
267,2017-01-16 14:00:00,-12.97,44.87,2.55,9.176272941176473,0.0,0 days 02:00:00.000000000,0.09681882352941251,4.840941176470626
268,2017-01-16 16:00:00,-13.64,50.03,2.74,9.176272941176473,0.0,0 days 02:00:00.000000000,0.0,0.0
269,2017-01-17 08:00:00,-21.85,77.6,0.13,9.26233411764706,0.0,0 days 16:00:00.000000000,0.08606117647058653,0.5378823529411658
270,2017-01-17 10:00:00,-19.97,74.8,0.1,9.133242352941178,0.0,0 days 02:00:00.000000000,-0.12909176470588157,-6.454588235294079
271,2017-01-17 12:00:00,-14.45,50.29,3.39,9.02566588235294,0.0,0 days 02:00:00.000000000,-0.1075764705882385,-5.378823529411925
272,2017-01-17 14:00:00,-13.11,45.76,3.48,9.02566588235294,0.0,0 days 02:00:00.000000000,0.0,0.0
273,2017-01-17 16:00:00,-14.79,59.8,0.55,9.144,0.0,0 days 02:00:00.000000000,0.11833411764706092,5.916705882353046
274,2017-01-18 08:00:00,-23.2,81.7,0.39,9.26233411764706,0.0,0 days 16:00:00.000000000,0.11833411764705914,0.7395882352941197
275,2017-01-18 12:00:00,-8.96,42.7,0.4,9.04718117647059,0.0,0 days 04:00:00.000000000,-0.21515294117646988,-5.378823529411747
276,2017-01-18 14:00:00,-6.94,44.04,2.83,8.982635294117648,0.0,0 days 02:00:00.000000000,-0.06454588235294167,-3.2272941176470837
277,2017-01-19 14:00:00,-5.75,39.77,2.94,9.11172705882353,0.0,1 days 00:00:00.000000000,0.12909176470588157,0.5378823529411733
278,2017-01-20 14:00:00,-5.32,44.65,3.26,9.122484705882352,0.0,1 days 00:00:00.000000000,0.010757647058822428,0.04482352941176012
279,2017-01-21 14:00:00,-3.86,39.43,3.06,9.07945411764706,0.0,1 days 00:00:00.000000000,-0.04303058823529149,-0.17929411764704786
280,2017-01-21 16:00:00,-9.52,59.15,0.14,8.971877647058824,0.0,0 days 02:00:00.000000000,-0.10757647058823672,-5.378823529411836
281,2017-01-22 12:00:00,-5.61,24.42,1.68,8.96112,0.0,0 days 20:00:00.000000000,-0.010757647058824205,-0.05378823529412102
282,2017-01-22 14:00:00,-4.28,33.88,3.13,8.96112,0.0,0 days 02:00:00.000000000,0.0,0.0
283,2017-01-23 10:00:00,-16.29,67.12,0.02,8.96112,0.0,0 days 20:00:00.000000000,0.0,0.0
284,2017-01-23 12:00:00,-3.79,33.59,0.55,8.96112,0.0,0 days 02:00:00.000000000,0.0,0.0
285,2017-01-23 14:00:00,-1.66,31.33,1.84,8.96112,0.0,0 days 02:00:00.000000000,0.0,0.0
286,2017-01-23 16:00:00,-8.07,54.38,0.17,8.96112,0.0,0 days 02:00:00.000000000,0.0,0.0
287,2017-01-24 14:00:00,-3.54,32.68,2.91,8.96112,0.0,0 days 22:00:00.000000000,0.0,0.0
288,2017-01-24 16:00:00,-8.83,48.1,0.13,9.057938823529412,0.0,0 days 02:00:00.000000000,0.09681882352941251,4.840941176470626
289,2017-01-25 08:00:00,-17.02,73.8,0.41,9.133242352941178,0.0,0 days 16:00:00.000000000,0.07530352941176588,0.47064705882353675
290,2017-01-25 10:00:00,-10.54,48.52,1.13,9.090211764705883,0.0,0 days 02:00:00.000000000,-0.04303058823529504,-2.151529411764752
291,2017-01-25 12:00:00,-0.94,29.69,0.91,9.004150588235293,0.0,0 days 02:00:00.000000000,-0.08606117647059008,-4.303058823529504
292,2017-01-25 16:00:00,-6.95,59.12,0.45,8.982635294117648,0.0,0 days 04:00:00.000000000,-0.021515294117644856,-0.5378823529411214
293,2017-01-26 12:00:00,-2.66,27.42,1.48,9.04718117647059,0.0,0 days 20:00:00.000000000,0.06454588235294167,0.3227294117647084
294,2017-01-26 14:00:00,-1.64,36.14,3.13,8.982635294117648,0.0,0 days 02:00:00.000000000,-0.06454588235294167,-3.2272941176470837
295,2017-01-26 16:00:00,-6.9,58.99,0.14,8.982635294117648,1.0,0 days 02:00:00.000000000,0.0,0.0
296,2017-01-27 08:00:00,-15.29,74.7,0.35,9.07945411764706,1.0,0 days 16:00:00.000000000,0.09681882352941251,0.6051176470588282
297,2017-01-27 10:00:00,-13.5,79.5,0.25,9.402183529411763,1.0,0 days 02:00:00.000000000,0.32272941176470304,16.136470588235152
298,2017-01-27 12:00:00,-2.9,46.75,1.84,9.283849411764708,1.0,0 days 02:00:00.000000000,-0.11833411764705559,-5.91670588235278
299,2017-01-27 14:00:00,-2.27,48.43,3.51,9.187030588235297,1.0,0 days 02:00:00.000000000,-0.09681882352941074,-4.840941176470537
300,2017-01-27 16:00:00,-6.11,67.35,0.29,9.337637647058825,1.0,0 days 02:00:00.000000000,0.1506070588235282,7.53035294117641
301,2017-01-28 08:00:00,-13.05,88.0,0.19,9.41294117647059,1.0,0 days 16:00:00.000000000,0.0753035294117641,0.47064705882352564
302,2017-01-28 10:00:00,-8.75,70.3,0.2,9.402183529411763,1.0,0 days 02:00:00.000000000,-0.010757647058825981,-0.537882352941299
303,2017-01-28 12:00:00,-3.13,55.7,1.63,9.391425882352943,1.0,0 days 02:00:00.000000000,-0.010757647058820652,-0.5378823529410326
304,2017-01-28 14:00:00,-2.36,58.28,2.86,9.219303529411764,1.0,0 days 02:00:00.000000000,-0.1721223529411784,-8.60611764705892
305,2017-01-28 16:00:00,-5.68,68.75,0.33,9.402183529411763,1.0,0 days 02:00:00.000000000,0.18287999999999904,9.143999999999952
306,2017-01-29 12:00:00,-0.81,38.65,0.62,9.434456470588236,1.0,0 days 20:00:00.000000000,0.032272941176472614,0.16136470588236307
307,2017-01-29 14:00:00,-0.67,40.41,3.4,9.380668235294117,1.0,0 days 02:00:00.000000000,-0.05378823529411925,-2.6894117647059623
308,2017-01-29 16:00:00,-4.91,61.72,0.28,9.273091764705883,1.0,0 days 02:00:00.000000000,-0.10757647058823316,-5.378823529411658
309,2017-01-30 08:00:00,-11.65,82.3,0.39,9.369910588235292,1.0,0 days 16:00:00.000000000,0.09681882352940896,0.605117647058806
310,2017-01-30 10:00:00,-4.79,58.44,0.2,9.423698823529412,1.0,0 days 02:00:00.000000000,0.05378823529411925,2.6894117647059623
311,2017-01-30 12:00:00,-0.37,43.0,0.64,9.316122352941175,1.0,0 days 02:00:00.000000000,-0.10757647058823672,-5.378823529411836
312,2017-01-30 14:00:00,-0.66,54.59,1.93,9.24081882352941,1.0,0 days 02:00:00.000000000,-0.0753035294117641,-3.765176470588205
313,2017-01-30 16:00:00,-3.38,92.2,0.8,9.165515294117649,1.0,0 days 02:00:00.000000000,-0.07530352941176233,-3.7651764705881163
314,2017-01-31 08:00:00,-4.55,89.1,0.36,9.197788235294118,1.0,0 days 16:00:00.000000000,0.03227294117646906,0.20170588235293163
315,2017-01-31 10:00:00,-3.15,87.2,0.96,9.251576470588235,1.0,0 days 02:00:00.000000000,0.05378823529411747,2.6894117647058735
316,2017-01-31 12:00:00,-2.11,87.6,0.73,9.11172705882353,1.0,0 days 02:00:00.000000000,-0.13984941176470578,-6.992470588235289
317,2017-01-31 14:00:00,-1.77,91.0,0.64,9.144,1.0,0 days 02:00:00.000000000,0.03227294117647084,1.6136470588235419
318,2017-01-31 16:00:00,-1.65,93.2,0.23,9.133242352941178,1.0,0 days 02:00:00.000000000,-0.010757647058822428,-0.5378823529411214
319,2017-02-01 08:00:00,-2.45,93.2,0.0,9.154757647058824,1.0,0 days 16:00:00.000000000,0.021515294117646633,0.13447058823529145
320,2017-02-01 10:00:00,-0.74,85.3,1.03,9.26233411764706,1.0,0 days 02:00:00.000000000,0.10757647058823494,5.378823529411747
321,2017-02-01 12:00:00,1.42,81.1,0.93,9.197788235294118,0.0,0 days 02:00:00.000000000,-0.06454588235294167,-3.2272941176470837
322,2017-02-01 14:00:00,2.03,81.8,0.37,9.26233411764706,0.0,0 days 02:00:00.000000000,0.06454588235294167,3.2272941176470837
323,2017-02-01 16:00:00,-1.13,86.1,0.47,9.197788235294118,0.0,0 days 02:00:00.000000000,-0.06454588235294167,-3.2272941176470837
324,2017-02-02 08:00:00,-7.35,90.4,0.77,9.165515294117649,0.0,0 days 16:00:00.000000000,-0.03227294117646906,-0.20170588235293163
325,2017-02-02 10:00:00,-3.07,78.2,0.7,9.176272941176473,0.0,0 days 02:00:00.000000000,0.010757647058824205,0.5378823529412102
326,2017-02-02 12:00:00,1.6,69.05,1.29,9.133242352941178,0.0,0 days 02:00:00.000000000,-0.04303058823529504,-2.151529411764752
327,2017-02-02 14:00:00,1.59,70.6,2.1,9.100969411764707,0.0,0 days 02:00:00.000000000,-0.03227294117647084,-1.6136470588235419
328,2017-02-02 16:00:00,-0.11,87.4,1.49,9.154757647058824,0.0,0 days 02:00:00.000000000,0.05378823529411747,2.6894117647058735
329,2017-02-03 08:00:00,-1.93,98.6,0.12,9.219303529411764,0.0,0 days 16:00:00.000000000,0.0645458823529399,0.40341176470587436
330,2017-02-03 10:00:00,-0.7,92.9,0.5,9.29460705882353,0.0,0 days 02:00:00.000000000,0.07530352941176588,3.765176470588294
331,2017-02-03 12:00:00,-0.23,92.6,1.56,9.251576470588235,0.0,0 days 02:00:00.000000000,-0.04303058823529504,-2.151529411764752
332,2017-02-03 14:00:00,0.58,77.2,2.72,9.24081882352941,0.0,0 days 02:00:00.000000000,-0.010757647058824205,-0.5378823529412102
333,2017-02-03 16:00:00,-1.14,88.4,0.35,9.165515294117649,0.0,0 days 02:00:00.000000000,-0.07530352941176233,-3.7651764705881163
334,2017-02-04 08:00:00,-10.08,86.1,0.65,9.283849411764708,0.0,0 days 16:00:00.000000000,0.11833411764705914,0.7395882352941197
335,2017-02-04 10:00:00,-4.13,79.4,1.98,9.273091764705883,0.0,0 days 02:00:00.000000000,-0.010757647058824205,-0.5378823529412102
336,2017-02-04 12:00:00,-2.56,76.6,2.86,9.165515294117649,0.0,0 days 02:00:00.000000000,-0.10757647058823494,-5.378823529411747
337,2017-02-04 14:00:00,-3.27,81.0,1.49,9.154757647058824,0.0,0 days 02:00:00.000000000,-0.010757647058824205,-0.5378823529412102
338,2017-02-04 16:00:00,-4.29,89.3,0.64,9.197788235294118,0.0,0 days 02:00:00.000000000,0.043030588235293266,2.1515294117646633
339,2017-02-05 08:00:00,-14.21,84.6,0.56,9.283849411764708,0.0,0 days 16:00:00.000000000,0.08606117647059008,0.537882352941188
340,2017-02-05 10:00:00,-6.76,64.56,0.46,9.369910588235292,0.0,0 days 02:00:00.000000000,0.08606117647058475,4.303058823529238
341,2017-02-05 12:00:00,-4.46,72.7,1.57,9.359152941176474,0.0,0 days 02:00:00.000000000,-0.010757647058818876,-0.5378823529409438
342,2017-02-05 14:00:00,-4.95,89.0,0.58,9.165515294117649,0.0,0 days 02:00:00.000000000,-0.19363764705882502,-9.681882352941251
343,2017-02-05 16:00:00,-5.67,92.2,0.69,9.24081882352941,0.0,0 days 02:00:00.000000000,0.07530352941176233,3.7651764705881163
344,2017-02-06 10:00:00,-3.9,75.8,0.0,9.359152941176474,0.0,0 days 18:00:00.000000000,0.1183341176470627,0.6574117647059038
345,2017-02-06 12:00:00,-3.15,67.65,1.13,9.391425882352943,0.0,0 days 02:00:00.000000000,0.03227294117646906,1.613647058823453
346,2017-02-06 14:00:00,-3.48,67.72,2.07,9.369910588235292,0.0,0 days 02:00:00.000000000,-0.021515294117650186,-1.0757647058825093
347,2017-02-06 16:00:00,-4.83,78.6,0.43,9.499002352941178,0.0,0 days 02:00:00.000000000,0.12909176470588513,6.454588235294256
348,2017-02-07 08:00:00,-17.35,81.4,0.05,9.499002352941178,0.0,0 days 16:00:00.000000000,0.0,0.0
349,2017-02-07 10:00:00,-14.09,86.0,0.27,9.574305882352943,0.0,0 days 02:00:00.000000000,0.07530352941176588,3.765176470588294
350,2017-02-07 12:00:00,-3.4,46.64,1.13,9.488244705882352,0.0,0 days 02:00:00.000000000,-0.08606117647059186,-4.303058823529593
351,2017-02-07 14:00:00,-1.22,40.16,1.37,9.402183529411763,0.0,0 days 02:00:00.000000000,-0.08606117647058831,-4.303058823529415
352,2017-02-07 16:00:00,-2.03,57.82,0.36,9.380668235294117,0.0,0 days 02:00:00.000000000,-0.021515294117646633,-1.0757647058823316
353,2017-02-08 08:00:00,-6.23,79.7,0.35,9.455971764705883,0.0,0 days 16:00:00.000000000,0.07530352941176588,0.47064705882353675
354,2017-02-08 10:00:00,-2.09,55.64,0.13,9.531275294117648,0.0,0 days 02:00:00.000000000,0.07530352941176588,3.765176470588294
355,2017-02-08 12:00:00,-0.72,55.0,2.32,9.391425882352943,0.0,0 days 02:00:00.000000000,-0.13984941176470578,-6.992470588235289
356,2017-02-08 14:00:00,-1.0,52.72,2.26,9.34839529411765,0.0,0 days 02:00:00.000000000,-0.043030588235293266,-2.1515294117646633
357,2017-02-08 16:00:00,-1.31,67.17,0.79,9.402183529411763,0.0,0 days 02:00:00.000000000,0.05378823529411392,2.689411764705696
358,2017-02-09 08:00:00,-7.75,94.3,0.76,9.50976,0.0,0 days 16:00:00.000000000,0.10757647058823672,0.6723529411764795
359,2017-02-09 10:00:00,-10.2,89.1,0.49,9.47748705882353,0.0,0 days 02:00:00.000000000,-0.03227294117647084,-1.6136470588235419
360,2017-02-09 12:00:00,-4.31,60.68,2.53,9.455971764705883,0.0,0 days 02:00:00.000000000,-0.021515294117646633,-1.0757647058823316
361,2017-02-09 14:00:00,-3.43,56.1,3.47,9.434456470588236,0.0,0 days 02:00:00.000000000,-0.021515294117646633,-1.0757647058823316
362,2017-02-09 16:00:00,-6.74,73.4,0.39,9.337637647058825,0.0,0 days 02:00:00.000000000,-0.09681882352941074,-4.840941176470537
363,2017-02-10 08:00:00,-9.21,77.6,0.53,9.369910588235292,0.0,0 days 16:00:00.000000000,0.032272941176467285,0.20170588235292053
364,2017-02-10 10:00:00,-3.89,73.2,1.1,9.466729411764707,0.0,0 days 02:00:00.000000000,0.09681882352941429,4.840941176470714
365,2017-02-10 12:00:00,-2.47,79.6,1.28,9.273091764705883,0.0,0 days 02:00:00.000000000,-0.19363764705882325,-9.681882352941162
366,2017-02-11 14:00:00,-1.87,60.49,2.37,9.316122352941175,0.0,1 days 02:00:00.000000000,0.04303058823529149,0.1655022624434288
367,2017-02-11 16:00:00,-5.24,71.2,0.53,9.208545882352944,0.0,0 days 02:00:00.000000000,-0.10757647058823139,-5.378823529411569
368,2017-02-12 08:00:00,-11.67,84.8,0.44,9.369910588235292,0.0,0 days 16:00:00.000000000,0.16136470588234886,1.0085294117646804
369,2017-02-12 10:00:00,-5.89,67.13,0.27,9.44521411764706,0.0,0 days 02:00:00.000000000,0.07530352941176766,3.765176470588383
370,2017-02-12 12:00:00,-1.4,54.86,2.52,9.273091764705883,0.0,0 days 02:00:00.000000000,-0.17212235294117662,-8.60611764705883
371,2017-02-12 14:00:00,-1.06,55.97,3.6,9.30536470588235,0.0,0 days 02:00:00.000000000,0.032272941176467285,1.6136470588233642
372,2017-02-12 16:00:00,-3.59,67.5,1.05,9.24081882352941,0.0,0 days 02:00:00.000000000,-0.0645458823529399,-3.227294117646995
373,2017-02-13 12:00:00,-0.72,51.06,2.96,9.402183529411763,0.0,0 days 20:00:00.000000000,0.1613647058823524,0.806823529411762
374,2017-02-13 14:00:00,-0.06,53.7,3.73,9.26233411764706,0.0,0 days 02:00:00.000000000,-0.139849411764704,-6.9924705882352
375,2017-02-13 16:00:00,-3.83,70.3,0.43,9.380668235294117,0.0,0 days 02:00:00.000000000,0.11833411764705737,5.916705882352868
376,2017-02-14 08:00:00,-14.22,89.4,0.29,9.402183529411763,0.0,0 days 16:00:00.000000000,0.021515294117646633,0.13447058823529145
377,2017-02-14 10:00:00,-12.87,87.2,0.26,9.47748705882353,0.0,0 days 02:00:00.000000000,0.07530352941176588,3.765176470588294
378,2017-02-14 12:00:00,0.16,47.38,2.49,9.34839529411765,0.0,0 days 02:00:00.000000000,-0.1290917647058798,-6.45458823529399
379,2017-02-14 14:00:00,0.84,45.87,3.45,9.176272941176473,0.0,0 days 02:00:00.000000000,-0.17212235294117662,-8.60611764705883
380,2017-02-15 08:00:00,-11.73,71.8,0.54,9.402183529411763,0.0,0 days 18:00:00.000000000,0.22591058823529053,1.2550588235293916
381,2017-02-15 10:00:00,-10.29,59.08,0.62,9.50976,0.0,0 days 02:00:00.000000000,0.10757647058823672,5.378823529411836
382,2017-02-15 12:00:00,2.55,26.59,2.64,9.369910588235292,0.0,0 days 02:00:00.000000000,-0.13984941176470755,-6.992470588235378
383,2017-02-15 14:00:00,3.45,30.71,3.42,9.187030588235297,0.0,0 days 02:00:00.000000000,-0.1828799999999955,-9.143999999999775
384,2017-02-16 08:00:00,-13.51,83.8,0.06,9.283849411764708,0.0,0 days 18:00:00.000000000,0.09681882352941074,0.5378823529411706
385,2017-02-16 10:00:00,-11.01,59.16,0.07,9.41294117647059,0.0,0 days 02:00:00.000000000,0.12909176470588157,6.454588235294079
386,2017-02-16 12:00:00,1.39,33.8,3.05,9.337637647058825,0.0,0 days 02:00:00.000000000,-0.0753035294117641,-3.765176470588205
387,2017-02-16 14:00:00,2.44,33.18,3.45,9.219303529411764,0.0,0 days 02:00:00.000000000,-0.11833411764706092,-5.916705882353046
388,2017-02-16 16:00:00,-1.91,58.47,0.58,9.283849411764708,0.0,0 days 02:00:00.000000000,0.06454588235294345,3.2272941176471726
389,2017-02-17 08:00:00,-8.47,62.95,0.43,9.26233411764706,0.0,0 days 16:00:00.000000000,-0.02151529411764841,-0.13447058823530256
390,2017-02-17 10:00:00,1.17,44.95,1.34,9.402183529411763,0.0,0 days 02:00:00.000000000,0.139849411764704,6.9924705882352
391,2017-02-17 12:00:00,2.65,37.94,2.23,9.144,0.0,0 days 02:00:00.000000000,-0.25818352941176315,-12.909176470588157
392,2017-02-17 14:00:00,-0.35,81.4,3.1,9.187030588235297,0.0,0 days 02:00:00.000000000,0.04303058823529682,2.151529411764841
393,2017-02-17 16:00:00,-2.83,88.6,2.98,9.337637647058825,0.0,0 days 02:00:00.000000000,0.1506070588235282,7.53035294117641
394,2017-02-18 12:00:00,-4.06,47.19,3.75,9.283849411764708,0.0,0 days 20:00:00.000000000,-0.05378823529411747,-0.26894117647058735
395,2017-02-18 14:00:00,-2.39,30.73,3.63,9.187030588235297,0.0,0 days 02:00:00.000000000,-0.09681882352941074,-4.840941176470537
396,2017-02-18 16:00:00,-6.23,50.88,0.71,9.197788235294118,0.0,0 days 02:00:00.000000000,0.010757647058820652,0.5378823529410326
397,2017-02-19 12:00:00,0.86,15.9,2.79,9.251576470588235,0.0,0 days 20:00:00.000000000,0.05378823529411747,0.26894117647058735
398,2017-02-19 14:00:00,1.47,18.23,3.51,9.133242352941178,0.0,0 days 02:00:00.000000000,-0.11833411764705737,-5.916705882352868
399,2017-02-19 16:00:00,-4.5,41.9,0.19,9.187030588235297,0.0,0 days 02:00:00.000000000,0.05378823529411925,2.6894117647059623
400,2017-02-20 08:00:00,-4.84,60.78,0.55,9.144,0.0,0 days 16:00:00.000000000,-0.04303058823529682,-0.2689411764706051
401,2017-02-20 10:00:00,-6.91,51.06,0.44,9.219303529411764,0.0,0 days 02:00:00.000000000,0.0753035294117641,3.765176470588205
402,2017-02-20 12:00:00,-0.08,31.53,2.96,9.24081882352941,0.0,0 days 02:00:00.000000000,0.021515294117646633,1.0757647058823316
403,2017-02-20 14:00:00,0.61,33.38,3.25,9.11172705882353,0.0,0 days 02:00:00.000000000,-0.12909176470588157,-6.454588235294079
404,2017-02-20 16:00:00,-2.69,48.05,0.87,9.197788235294118,0.0,0 days 02:00:00.000000000,0.08606117647058831,4.303058823529415
405,2017-02-21 08:00:00,-1.44,69.63,0.67,9.251576470588235,0.0,0 days 16:00:00.000000000,0.05378823529411747,0.3361764705882342
406,2017-02-21 10:00:00,2.6,59.09,0.55,9.283849411764708,0.0,0 days 02:00:00.000000000,0.032272941176472614,1.6136470588236307
407,2017-02-21 12:00:00,5.56,49.83,2.25,9.176272941176473,0.0,0 days 02:00:00.000000000,-0.10757647058823494,-5.378823529411747
408,2017-02-21 14:00:00,5.69,50.16,2.95,9.187030588235297,0.0,0 days 02:00:00.000000000,0.010757647058824205,0.5378823529412102
409,2017-02-21 16:00:00,4.55,55.44,1.48,9.122484705882352,0.0,0 days 02:00:00.000000000,-0.06454588235294523,-3.2272941176472614
410,2017-02-22 08:00:00,-4.86,67.0,0.81,9.090211764705883,0.0,0 days 16:00:00.000000000,-0.03227294117646906,-0.20170588235293163
411,2017-02-22 10:00:00,0.3,37.05,0.64,9.34839529411765,0.0,0 days 02:00:00.000000000,0.2581835294117667,12.909176470588335
412,2017-02-22 12:00:00,6.58,32.31,3.26,9.068696470588236,0.0,0 days 02:00:00.000000000,-0.27969882352941333,-13.984941176470667
413,2017-02-22 14:00:00,6.19,29.56,4.38,9.057938823529412,0.0,0 days 02:00:00.000000000,-0.010757647058824205,-0.5378823529412102
414,2017-02-22 16:00:00,3.62,43.74,0.93,9.176272941176473,0.0,0 days 02:00:00.000000000,0.11833411764706092,5.916705882353046
415,2017-02-23 08:00:00,-4.32,46.79,0.67,9.24081882352941,0.0,0 days 16:00:00.000000000,0.06454588235293812,0.40341176470586326
416,2017-02-23 10:00:00,2.97,25.61,1.95,9.30536470588235,0.0,0 days 02:00:00.000000000,0.0645458823529399,3.227294117646995
417,2017-02-23 12:00:00,8.58,19.09,1.76,8.982635294117648,0.0,0 days 02:00:00.000000000,-0.32272941176470304,-16.136470588235152
418,2017-02-23 14:00:00,6.89,22.37,1.99,8.92884705882353,0.0,0 days 02:00:00.000000000,-0.05378823529411747,-2.6894117647058735
419,2017-02-23 16:00:00,6.59,32.86,1.84,9.122484705882352,0.0,0 days 02:00:00.000000000,0.19363764705882147,9.681882352941074
420,2017-02-24 08:00:00,3.04,42.11,1.61,9.197788235294118,0.0,0 days 16:00:00.000000000,0.07530352941176588,0.47064705882353675
421,2017-02-24 10:00:00,0.76,76.1,3.3,9.219303529411764,0.0,0 days 02:00:00.000000000,0.021515294117646633,1.0757647058823316
422,2017-02-24 12:00:00,-1.81,58.36,2.34,9.02566588235294,0.0,0 days 02:00:00.000000000,-0.19363764705882502,-9.681882352941251
423,2017-02-24 14:00:00,-1.19,50.19,0.97,8.99339294117647,0.0,0 days 02:00:00.000000000,-0.03227294117646906,-1.613647058823453
424,2017-02-24 16:00:00,-3.19,55.35,2.39,8.96112,0.0,0 days 02:00:00.000000000,-0.03227294117647084,-1.6136470588235419
425,2017-02-25 08:00:00,-16.89,75.3,0.17,9.090211764705883,0.0,0 days 16:00:00.000000000,0.12909176470588335,0.8068235294117709
426,2017-02-25 10:00:00,-10.43,34.7,0.35,9.122484705882352,0.0,0 days 02:00:00.000000000,0.03227294117646906,1.613647058823453
427,2017-02-25 12:00:00,-2.64,26.79,2.74,9.036423529411763,0.0,0 days 02:00:00.000000000,-0.08606117647058831,-4.303058823529415
428,2017-02-25 14:00:00,-1.27,21.57,3.9,8.96112,0.0,0 days 02:00:00.000000000,-0.0753035294117641,-3.765176470588205
429,2017-02-25 16:00:00,-3.36,45.51,1.13,8.99339294117647,0.0,0 days 02:00:00.000000000,0.03227294117647084,1.6136470588235419
430,2017-02-26 08:00:00,-8.53,63.7,0.34,9.014908235294117,0.0,0 days 16:00:00.000000000,0.021515294117646633,0.13447058823529145
431,2017-02-26 10:00:00,-1.96,50.04,0.44,9.208545882352944,0.0,0 days 02:00:00.000000000,0.1936376470588268,9.68188235294134
432,2017-02-26 12:00:00,6.34,31.98,1.68,9.036423529411763,0.0,0 days 02:00:00.000000000,-0.17212235294118017,-8.606117647059008
433,2017-02-26 14:00:00,6.94,30.45,1.31,9.036423529411763,0.0,0 days 02:00:00.000000000,0.0,0.0
434,2017-02-26 16:00:00,4.73,52.89,0.19,9.057938823529412,0.0,0 days 02:00:00.000000000,0.02151529411764841,1.0757647058824205
435,2017-02-27 08:00:00,-4.5,76.8,0.54,9.176272941176473,0.0,0 days 16:00:00.000000000,0.11833411764706092,0.7395882352941308
436,2017-02-27 10:00:00,-2.23,46.95,0.33,9.24081882352941,0.0,0 days 02:00:00.000000000,0.06454588235293812,3.227294117646906
437,2017-02-27 12:00:00,3.64,37.85,1.44,9.07945411764706,0.0,0 days 02:00:00.000000000,-0.16136470588235063,-8.068235294117532
438,2017-02-27 14:00:00,2.55,45.85,2.4,9.057938823529412,0.0,0 days 02:00:00.000000000,-0.02151529411764841,-1.0757647058824205
439,2017-02-27 16:00:00,0.78,53.23,1.01,9.036423529411763,0.0,0 days 02:00:00.000000000,-0.02151529411764841,-1.0757647058824205
440,2017-02-28 08:00:00,-1.08,86.4,1.28,9.154757647058824,0.0,0 days 16:00:00.000000000,0.11833411764706092,0.7395882352941308
441,2017-02-28 10:00:00,-0.55,89.0,1.24,9.07945411764706,0.0,0 days 02:00:00.000000000,-0.0753035294117641,-3.765176470588205
442,2017-02-28 12:00:00,-0.94,87.4,2.11,8.907331764705884,0.0,0 days 02:00:00.000000000,-0.17212235294117662,-8.60611764705883
443,2017-02-28 14:00:00,-0.41,94.5,1.8,8.92884705882353,0.0,0 days 02:00:00.000000000,0.021515294117646633,1.0757647058823316
444,2017-02-28 16:00:00,-1.14,96.5,1.77,8.907331764705884,0.0,0 days 02:00:00.000000000,-0.021515294117646633,-1.0757647058823316
445,2017-03-01 10:00:00,-2.62,39.79,1.34,8.864301176470589,0.0,0 days 18:00:00.000000000,-0.04303058823529504,-0.23905882352941685
446,2017-03-01 12:00:00,-2.03,27.65,3.04,8.788997647058824,0.0,0 days 02:00:00.000000000,-0.0753035294117641,-3.765176470588205
447,2017-03-01 14:00:00,-1.31,26.72,4.76,8.875058823529411,0.0,0 days 02:00:00.000000000,0.08606117647058653,4.303058823529327
448,2017-03-01 16:00:00,-1.72,39.29,1.17,8.907331764705884,0.0,0 days 02:00:00.000000000,0.032272941176472614,1.6136470588236307
449,2017-03-02 08:00:00,-2.28,66.76,0.48,8.810512941176471,0.0,0 days 16:00:00.000000000,-0.09681882352941251,-0.6051176470588282
450,2017-03-02 10:00:00,0.75,52.0,1.52,8.659905882352941,0.0,0 days 02:00:00.000000000,-0.15060705882352998,-7.530352941176499
451,2017-03-02 12:00:00,4.29,38.92,2.36,8.649148235294117,0.0,0 days 02:00:00.000000000,-0.010757647058824205,-0.5378823529412102
452,2017-03-02 14:00:00,3.83,42.38,2.91,8.659905882352941,0.0,0 days 02:00:00.000000000,0.010757647058824205,0.5378823529412102
453,2017-03-02 16:00:00,1.95,44.55,5.41,8.735209411764707,0.0,0 days 02:00:00.000000000,0.07530352941176588,3.765176470588294
454,2017-03-03 08:00:00,-9.26,48.09,0.61,8.842785882352944,0.0,0 days 16:00:00.000000000,0.10757647058823672,0.6723529411764795
455,2017-03-03 10:00:00,-1.7,30.23,0.8,8.552329411764706,0.0,0 days 02:00:00.000000000,-0.29045647058823754,-14.522823529411877
456,2017-03-03 12:00:00,2.39,37.32,1.82,8.670663529411764,0.0,0 days 02:00:00.000000000,0.11833411764705737,5.916705882352868
457,2017-03-03 14:00:00,2.35,50.21,2.76,8.702936470588233,0.0,0 days 02:00:00.000000000,0.03227294117646906,1.613647058823453
458,2017-03-03 16:00:00,1.3,57.32,2.01,8.659905882352941,0.0,0 days 02:00:00.000000000,-0.04303058823529149,-2.1515294117645745
459,2017-03-04 08:00:00,1.08,60.1,2.75,8.649148235294117,0.0,0 days 16:00:00.000000000,-0.010757647058824205,-0.06723529411765128
460,2017-03-04 10:00:00,2.38,55.14,4.95,8.53081411764706,0.0,0 days 02:00:00.000000000,-0.11833411764705737,-5.916705882352868
461,2017-03-04 12:00:00,0.26,78.6,2.31,8.649148235294117,0.0,0 days 02:00:00.000000000,0.11833411764705737,5.916705882352868
462,2017-03-05 10:00:00,-3.75,70.2,0.43,8.552329411764706,0.0,0 days 22:00:00.000000000,-0.09681882352941074,-0.44008556149732153
463,2017-03-05 14:00:00,-1.02,54.57,2.65,8.702936470588233,0.0,0 days 04:00:00.000000000,0.15060705882352643,3.7651764705881607
464,2017-03-05 16:00:00,-1.88,53.26,1.59,8.681421176470588,0.0,0 days 02:00:00.000000000,-0.021515294117644856,-1.0757647058822428
465,2017-03-06 10:00:00,-3.0,57.44,1.6,8.509298823529411,0.0,0 days 18:00:00.000000000,-0.17212235294117662,-0.9562352941176476
466,2017-03-06 12:00:00,0.24,39.88,2.22,8.573844705882353,0.0,0 days 02:00:00.000000000,0.06454588235294167,3.2272941176470837
467,2017-03-06 14:00:00,-1.01,61.68,1.57,8.681421176470588,0.0,0 days 02:00:00.000000000,0.10757647058823494,5.378823529411747
468,2017-03-06 16:00:00,-2.24,64.76,1.43,8.552329411764706,0.0,0 days 02:00:00.000000000,-0.12909176470588157,-6.454588235294079
469,2017-03-07 08:00:00,-4.7,44.62,2.11,8.649148235294117,0.0,0 days 16:00:00.000000000,0.09681882352941074,0.6051176470588171
470,2017-03-07 10:00:00,-4.12,38.18,2.42,8.498541176470589,0.0,0 days 02:00:00.000000000,-0.1506070588235282,-7.53035294117641
471,2017-03-07 12:00:00,-3.64,38.02,2.64,8.520056470588235,0.0,0 days 02:00:00.000000000,0.021515294117646633,1.0757647058823316
472,2017-03-07 14:00:00,-4.41,55.54,2.25,8.627632941176469,0.0,0 days 02:00:00.000000000,0.10757647058823316,5.378823529411658
473,2017-03-07 16:00:00,-4.84,56.62,0.87,8.541571764705884,0.0,0 days 02:00:00.000000000,-0.08606117647058475,-4.303058823529238
474,2017-03-08 08:00:00,-15.87,82.9,0.25,8.692178823529412,0.0,0 days 16:00:00.000000000,0.1506070588235282,0.9412941176470513
475,2017-03-08 10:00:00,-5.56,40.56,1.44,8.541571764705884,0.0,0 days 02:00:00.000000000,-0.1506070588235282,-7.53035294117641
476,2017-03-08 12:00:00,-1.57,20.18,2.66,8.541571764705884,0.0,0 days 02:00:00.000000000,0.0,0.0
477,2017-03-08 14:00:00,-0.1,23.84,3.49,8.53081411764706,0.0,0 days 02:00:00.000000000,-0.010757647058824205,-0.5378823529412102
478,2017-03-08 16:00:00,0.57,33.94,1.85,8.584602352941179,0.0,0 days 02:00:00.000000000,0.05378823529411925,2.6894117647059623
479,2017-03-09 08:00:00,0.65,91.1,0.26,8.606117647058824,0.0,0 days 16:00:00.000000000,0.021515294117644856,0.13447058823528035
480,2017-03-09 10:00:00,2.28,85.1,1.03,8.509298823529411,0.0,0 days 02:00:00.000000000,-0.09681882352941251,-4.840941176470626
481,2017-03-09 12:00:00,3.13,81.8,2.0,8.466268235294116,0.0,0 days 02:00:00.000000000,-0.04303058823529504,-2.151529411764752
482,2017-03-09 14:00:00,3.58,83.4,2.18,8.53081411764706,0.0,0 days 02:00:00.000000000,0.06454588235294345,3.2272941176471726
483,2017-03-09 16:00:00,1.99,93.0,1.66,8.498541176470589,0.0,0 days 02:00:00.000000000,-0.03227294117647084,-1.6136470588235419
484,2017-03-10 08:00:00,-1.72,40.87,3.55,8.53081411764706,0.0,0 days 16:00:00.000000000,0.03227294117647084,0.20170588235294273
485,2017-03-10 10:00:00,-0.65,33.15,2.75,8.41248,0.0,0 days 02:00:00.000000000,-0.11833411764705914,-5.916705882352957
486,2017-03-10 12:00:00,0.97,27.77,1.98,8.358691764705883,0.0,0 days 02:00:00.000000000,-0.05378823529411747,-2.6894117647058735
487,2017-03-10 14:00:00,1.03,28.82,2.3,8.41248,0.0,0 days 02:00:00.000000000,0.05378823529411747,2.6894117647058735
488,2017-03-11 08:00:00,-10.66,50.71,0.37,8.627632941176469,0.0,0 days 18:00:00.000000000,0.2151529411764681,1.1952941176470449
489,2017-03-11 10:00:00,-1.3,27.56,0.61,8.41248,0.0,0 days 02:00:00.000000000,-0.2151529411764681,-10.757647058823405
490,2017-03-11 12:00:00,5.61,22.42,1.75,8.390964705882352,0.0,0 days 02:00:00.000000000,-0.02151529411764841,-1.0757647058824205
491,2017-03-11 14:00:00,5.69,14.81,1.66,8.41248,0.0,0 days 02:00:00.000000000,0.02151529411764841,1.0757647058824205
492,2017-03-11 16:00:00,2.52,39.25,1.19,8.520056470588235,0.0,0 days 02:00:00.000000000,0.10757647058823494,5.378823529411747
493,2017-03-12 08:00:00,-5.34,60.91,0.52,8.498541176470589,0.0,0 days 16:00:00.000000000,-0.021515294117646633,-0.13447058823529145
494,2017-03-12 10:00:00,3.26,33.55,2.29,8.326418823529412,0.0,0 days 02:00:00.000000000,-0.17212235294117662,-8.60611764705883
495,2017-03-12 12:00:00,4.65,37.38,4.34,8.294145882352941,0.0,0 days 02:00:00.000000000,-0.03227294117647084,-1.6136470588235419
496,2017-03-12 14:00:00,4.9,32.97,3.68,8.390964705882352,0.0,0 days 02:00:00.000000000,0.09681882352941074,4.840941176470537
497,2017-03-12 16:00:00,2.55,41.41,1.67,8.466268235294116,0.0,0 days 02:00:00.000000000,0.0753035294117641,3.765176470588205
498,2017-03-13 08:00:00,-9.26,67.58,0.51,8.487783529411765,0.0,0 days 16:00:00.000000000,0.02151529411764841,0.13447058823530256
499,2017-03-13 10:00:00,-1.02,31.17,1.03,8.347934117647059,0.0,0 days 02:00:00.000000000,-0.13984941176470578,-6.992470588235289
500,2017-03-13 12:00:00,2.9,19.09,3.76,8.380207058823531,0.0,0 days 02:00:00.000000000,0.032272941176472614,1.6136470588236307
501,2017-03-13 14:00:00,3.61,21.15,3.48,8.401722352941176,0.0,0 days 02:00:00.000000000,0.021515294117644856,1.0757647058822428
502,2017-03-13 16:00:00,3.07,39.73,0.84,8.477025882352942,0.0,0 days 02:00:00.000000000,0.07530352941176588,3.765176470588294
503,2017-03-14 08:00:00,-9.48,65.37,0.34,8.56308705882353,0.0,0 days 16:00:00.000000000,0.08606117647058831,0.5378823529411769
504,2017-03-14 10:00:00,1.23,38.79,0.92,8.337176470588236,0.0,0 days 02:00:00.000000000,-0.22591058823529409,-11.295529411764704
505,2017-03-14 12:00:00,5.35,28.7,2.54,8.347934117647059,0.0,0 days 02:00:00.000000000,0.010757647058822428,0.5378823529411214
506,2017-03-14 14:00:00,6.26,22.55,2.29,8.337176470588236,0.0,0 days 02:00:00.000000000,-0.010757647058822428,-0.5378823529411214
507,2017-03-14 16:00:00,4.6,30.37,1.59,8.41248,0.0,0 days 02:00:00.000000000,0.0753035294117641,3.765176470588205
508,2017-03-15 06:00:00,-9.65,71.1,0.3,8.53081411764706,0.0,0 days 14:00:00.000000000,0.11833411764705914,0.8452436974789939
509,2017-03-15 08:00:00,-8.35,65.62,0.63,8.326418823529412,0.0,0 days 02:00:00.000000000,-0.20439529411764745,-10.219764705882373
510,2017-03-15 10:00:00,0.54,35.65,1.54,8.294145882352941,0.0,0 days 02:00:00.000000000,-0.03227294117647084,-1.6136470588235419
511,2017-03-15 12:00:00,5.36,31.78,4.19,8.2296,0.0,0 days 02:00:00.000000000,-0.06454588235294167,-3.2272941176470837
512,2017-03-15 14:00:00,8.3,29.22,1.87,8.251115294117648,0.0,0 days 02:00:00.000000000,0.02151529411764841,1.0757647058824205
513,2017-03-15 16:00:00,6.57,37.38,1.4,8.369449411764705,0.0,0 days 02:00:00.000000000,0.11833411764705737,5.916705882352868
514,2017-03-15 18:00:00,0.57,69.49,0.1,8.304903529411764,0.0,0 days 02:00:00.000000000,-0.06454588235294167,-3.2272941176470837
515,2017-03-16 08:00:00,-7.86,69.03,0.34,8.380207058823531,0.0,0 days 14:00:00.000000000,0.07530352941176766,0.5378823529411976
516,2017-03-16 10:00:00,1.73,37.64,0.75,8.208084705882353,0.0,0 days 02:00:00.000000000,-0.1721223529411784,-8.60611764705892
517,2017-03-16 12:00:00,6.17,23.36,4.06,8.218842352941179,0.0,0 days 02:00:00.000000000,0.010757647058825981,0.537882352941299
518,2017-03-16 14:00:00,6.83,35.16,3.92,8.218842352941179,0.0,0 days 02:00:00.000000000,0.0,0.0
519,2017-03-16 16:00:00,5.54,44.19,1.01,8.347934117647059,0.0,0 days 02:00:00.000000000,0.1290917647058798,6.45458823529399
520,2017-03-17 10:00:00,4.32,43.99,0.67,8.186569411764706,0.0,0 days 18:00:00.000000000,-0.1613647058823524,-0.896470588235291
521,2017-03-17 12:00:00,7.68,28.16,3.13,8.240357647058824,0.0,0 days 02:00:00.000000000,0.05378823529411747,2.6894117647058735
522,2017-03-17 14:00:00,7.95,28.22,4.19,8.208084705882353,0.0,0 days 02:00:00.000000000,-0.03227294117647084,-1.6136470588235419
523,2017-03-17 16:00:00,6.23,40.18,1.58,8.261872941176469,0.0,0 days 02:00:00.000000000,0.053788235294115694,2.6894117647057847
524,2017-03-17 18:00:00,3.01,49.97,1.16,8.261872941176469,0.0,0 days 02:00:00.000000000,0.0,0.0
525,2017-03-18 06:00:00,-2.66,68.71,0.57,8.272630588235295,0.0,0 days 12:00:00.000000000,0.010757647058825981,0.08964705882354984
526,2017-03-18 08:00:00,1.98,38.59,1.08,8.143538823529411,0.0,0 days 02:00:00.000000000,-0.12909176470588335,-6.4545882352941675
527,2017-03-18 10:00:00,6.42,44.49,0.82,8.100508235294116,0.0,0 days 02:00:00.000000000,-0.04303058823529504,-2.151529411764752
528,2017-03-18 12:00:00,7.35,52.49,3.77,8.122023529411765,0.0,0 days 02:00:00.000000000,0.02151529411764841,1.0757647058824205
529,2017-03-18 14:00:00,6.35,51.55,2.21,8.122023529411765,0.0,0 days 02:00:00.000000000,0.0,0.0
530,2017-03-18 16:00:00,5.91,55.09,1.29,8.089750588235294,0.0,0 days 02:00:00.000000000,-0.03227294117647084,-1.6136470588235419
531,2017-03-19 06:00:00,2.95,70.2,0.52,8.240357647058824,0.0,0 days 14:00:00.000000000,0.15060705882352998,1.075764705882357
532,2017-03-19 08:00:00,3.9,65.76,0.53,8.122023529411765,0.0,0 days 02:00:00.000000000,-0.11833411764705914,-5.916705882352957
533,2017-03-19 10:00:00,5.66,55.24,1.78,8.100508235294116,0.0,0 days 02:00:00.000000000,-0.02151529411764841,-1.0757647058824205
534,2017-03-19 12:00:00,5.94,47.54,3.7,8.100508235294116,0.0,0 days 02:00:00.000000000,0.0,0.0
535,2017-03-19 14:00:00,7.15,44.65,1.54,8.100508235294116,0.0,0 days 02:00:00.000000000,0.0,0.0
536,2017-03-19 16:00:00,6.71,50.61,1.0,8.186569411764706,0.0,0 days 02:00:00.000000000,0.08606117647059008,4.303058823529504
537,2017-03-19 18:00:00,3.6,78.1,0.39,8.132781176470589,0.0,0 days 02:00:00.000000000,-0.05378823529411747,-2.6894117647058735
538,2017-03-20 12:00:00,8.43,34.9,3.5,8.089750588235294,0.0,0 days 18:00:00.000000000,-0.04303058823529504,-0.23905882352941685
539,2017-03-20 14:00:00,8.87,40.49,3.65,8.04672,0.0,0 days 02:00:00.000000000,-0.043030588235293266,-2.1515294117646633
540,2017-03-20 16:00:00,8.41,45.38,0.45,8.111265882352942,0.0,0 days 02:00:00.000000000,0.06454588235294167,3.2272941176470837
541,2017-03-20 18:00:00,2.19,72.6,0.23,8.035962352941176,0.0,0 days 02:00:00.000000000,-0.07530352941176588,-3.765176470588294
542,2017-03-21 06:00:00,-4.65,91.1,0.41,8.07899294117647,0.0,0 days 12:00:00.000000000,0.043030588235293266,0.35858823529411055
543,2017-03-21 08:00:00,-4.21,85.4,0.38,8.003689411764705,0.0,0 days 02:00:00.000000000,-0.0753035294117641,-3.765176470588205
544,2017-03-21 10:00:00,4.12,58.12,1.2,7.939143529411764,0.0,0 days 02:00:00.000000000,-0.06454588235294167,-3.2272941176470837
545,2017-03-21 12:00:00,6.39,56.38,2.34,7.917628235294116,0.0,0 days 02:00:00.000000000,-0.02151529411764752,-1.075764705882376
546,2017-03-21 14:00:00,6.95,55.38,1.38,8.014447058823531,0.0,0 days 02:00:00.000000000,0.09681882352941518,4.840941176470759
547,2017-03-21 16:00:00,4.83,69.62,1.07,8.035962352941176,0.0,0 days 02:00:00.000000000,0.021515294117644856,1.0757647058822428
548,2017-03-21 18:00:00,2.79,85.5,0.59,8.025204705882352,0.0,0 days 02:00:00.000000000,-0.010757647058824205,-0.5378823529412102
549,2017-03-22 06:00:00,0.16,98.7,0.35,7.960658823529411,0.0,0 days 12:00:00.000000000,-0.06454588235294079,-0.5378823529411733
550,2017-03-22 08:00:00,1.3,85.6,1.07,7.960658823529411,0.0,0 days 02:00:00.000000000,0.0,0.0
551,2017-03-22 10:00:00,3.09,74.4,2.42,7.896112941176471,0.0,0 days 02:00:00.000000000,-0.06454588235294079,-3.2272941176470393
552,2017-03-22 12:00:00,6.02,50.01,4.59,7.896112941176471,0.0,0 days 02:00:00.000000000,0.0,0.0
553,2017-03-22 14:00:00,5.86,45.45,3.43,7.831567058823531,0.0,0 days 02:00:00.000000000,-0.0645458823529399,-3.227294117646995
554,2017-03-22 16:00:00,4.34,59.37,2.92,7.949901176470588,0.0,0 days 02:00:00.000000000,0.11833411764705737,5.916705882352868
555,2017-03-22 18:00:00,3.37,58.99,2.27,7.939143529411764,0.0,0 days 02:00:00.000000000,-0.010757647058824205,-0.5378823529412102
556,2017-03-23 06:00:00,1.81,58.7,2.02,7.949901176470588,0.0,0 days 12:00:00.000000000,0.010757647058824205,0.08964705882353503
557,2017-03-23 08:00:00,2.44,48.19,3.52,7.9714164705882355,0.0,0 days 02:00:00.000000000,0.02151529411764752,1.075764705882376
558,2017-03-23 10:00:00,3.99,44.7,5.49,7.928385882352941,0.0,0 days 02:00:00.000000000,-0.043030588235294154,-2.1515294117647077
559,2017-03-23 12:00:00,4.31,54.88,6.14,7.874597647058824,0.0,0 days 02:00:00.000000000,-0.05378823529411747,-2.6894117647058735
560,2017-03-23 14:00:00,2.79,73.0,1.97,7.874597647058824,0.0,0 days 02:00:00.000000000,0.0,0.0
561,2017-03-23 16:00:00,3.64,58.31,1.68,7.960658823529411,0.0,0 days 02:00:00.000000000,0.08606117647058742,4.303058823529371
562,2017-03-24 06:00:00,-3.34,88.7,0.35,7.9714164705882355,0.0,0 days 14:00:00.000000000,0.010757647058824205,0.0768403361344586
563,2017-03-24 08:00:00,0.69,64.87,0.68,7.885355294117647,0.0,0 days 02:00:00.000000000,-0.08606117647058831,-4.303058823529415
564,2017-03-24 10:00:00,4.21,57.92,1.11,7.885355294117647,0.0,0 days 02:00:00.000000000,0.0,0.0
565,2017-03-24 12:00:00,5.9,49.41,1.92,7.885355294117647,0.0,0 days 02:00:00.000000000,0.0,0.0
566,2017-03-24 14:00:00,5.98,56.01,2.8,7.9714164705882355,0.0,0 days 02:00:00.000000000,0.08606117647058831,4.303058823529415
567,2017-03-24 16:00:00,5.84,66.57,1.52,7.928385882352941,0.0,0 days 02:00:00.000000000,-0.043030588235294154,-2.1515294117647077
568,2017-03-24 18:00:00,2.19,81.8,0.4,7.928385882352941,0.0,0 days 02:00:00.000000000,0.0,0.0
569,2017-03-25 10:00:00,4.74,43.75,2.33,7.8638400000000015,0.0,0 days 16:00:00.000000000,-0.0645458823529399,-0.40341176470587436
570,2017-03-25 12:00:00,8.25,33.09,1.89,7.874597647058824,0.0,0 days 02:00:00.000000000,0.010757647058822428,0.5378823529411214
571,2017-03-25 18:00:00,2.22,62.67,0.14,7.885355294117647,0.0,0 days 06:00:00.000000000,0.010757647058823316,0.17929411764705527
572,2017-03-26 06:00:00,-5.11,82.0,0.46,7.917628235294116,0.0,0 days 12:00:00.000000000,0.03227294117646906,0.2689411764705755
573,2017-03-26 08:00:00,-3.63,70.7,0.32,7.885355294117647,0.0,0 days 02:00:00.000000000,-0.03227294117646906,-1.613647058823453
574,2017-03-26 10:00:00,4.44,39.08,2.58,7.831567058823531,0.0,0 days 02:00:00.000000000,-0.05378823529411658,-2.689411764705829
575,2017-03-26 12:00:00,7.75,31.76,1.6,7.799294117647059,0.0,0 days 02:00:00.000000000,-0.032272941176471726,-1.6136470588235863
576,2017-03-26 14:00:00,7.41,46.16,2.71,7.853082352941178,0.0,0 days 02:00:00.000000000,0.05378823529411925,2.6894117647059623
577,2017-03-26 16:00:00,5.34,54.94,2.27,7.896112941176471,0.0,0 days 02:00:00.000000000,0.04303058823529238,2.151529411764619
578,2017-03-26 18:00:00,2.4,71.2,3.67,7.842324705882354,0.0,0 days 02:00:00.000000000,-0.05378823529411658,-2.689411764705829
579,2017-03-27 10:00:00,2.99,37.01,1.56,7.820809411764706,0.0,0 days 16:00:00.000000000,-0.02151529411764841,-0.13447058823530256
580,2017-03-27 12:00:00,5.86,23.02,3.82,7.799294117647059,0.0,0 days 02:00:00.000000000,-0.021515294117646633,-1.0757647058823316
581,2017-03-27 14:00:00,7.37,17.55,4.21,7.723990588235294,0.0,0 days 02:00:00.000000000,-0.07530352941176499,-3.7651764705882496
582,2017-03-27 16:00:00,6.02,60.4,2.59,7.723990588235294,0.0,0 days 02:00:00.000000000,0.0,0.0
583,2017-03-27 18:00:00,0.42,78.2,0.23,7.648687058823531,0.0,0 days 02:00:00.000000000,-0.07530352941176321,-3.7651764705881607
584,2017-03-28 06:00:00,-7.01,83.3,0.14,7.627171764705883,0.0,0 days 12:00:00.000000000,-0.02151529411764752,-0.17929411764706268
585,2017-03-28 08:00:00,-5.88,60.04,0.17,7.5303529411764725,0.0,0 days 02:00:00.000000000,-0.09681882352941074,-4.840941176470537
586,2017-03-28 10:00:00,6.28,28.58,1.15,7.444291764705883,0.0,0 days 02:00:00.000000000,-0.0860611764705892,-4.30305882352946
587,2017-03-28 12:00:00,7.67,26.76,4.01,7.551868235294116,0.0,0 days 02:00:00.000000000,0.10757647058823316,5.378823529411658
588,2017-03-28 14:00:00,9.09,25.62,2.5,7.5948988235294115,0.0,0 days 02:00:00.000000000,0.04303058823529504,2.151529411764752
589,2017-03-28 16:00:00,7.67,39.97,0.86,7.584141176470588,0.0,0 days 02:00:00.000000000,-0.010757647058823316,-0.5378823529411658
590,2017-03-28 18:00:00,2.99,60.39,0.07,7.637929411764706,0.0,0 days 02:00:00.000000000,0.05378823529411747,2.6894117647058735
591,2017-03-29 08:00:00,-3.81,62.44,0.17,7.584141176470588,0.0,0 days 14:00:00.000000000,-0.05378823529411747,-0.3842016806722676
592,2017-03-29 10:00:00,5.05,41.14,2.51,7.551868235294116,0.0,0 days 02:00:00.000000000,-0.032272941176471726,-1.6136470588235863
593,2017-03-29 12:00:00,7.24,30.89,3.14,7.5303529411764725,0.0,0 days 02:00:00.000000000,-0.021515294117643968,-1.0757647058821984
594,2017-03-29 14:00:00,7.75,30.22,3.75,7.541110588235295,0.0,0 days 02:00:00.000000000,0.010757647058822428,0.5378823529411214
595,2017-03-29 16:00:00,7.71,42.77,0.92,7.627171764705883,0.0,0 days 02:00:00.000000000,0.08606117647058831,4.303058823529415
596,2017-03-29 18:00:00,2.65,63.26,0.17,7.777778823529411,0.0,0 days 02:00:00.000000000,0.1506070588235282,7.53035294117641
597,2017-03-30 06:00:00,-5.51,78.8,0.02,7.788536470588236,0.0,0 days 12:00:00.000000000,0.010757647058824205,0.08964705882353503
598,2017-03-30 08:00:00,-4.07,61.23,0.16,7.756263529411764,0.0,0 days 02:00:00.000000000,-0.032272941176471726,-1.6136470588235863
599,2017-03-30 10:00:00,8.15,27.25,1.05,7.659444705882352,0.0,0 days 02:00:00.000000000,-0.09681882352941162,-4.840941176470581
600,2017-03-30 12:00:00,10.38,29.55,2.3,7.616414117647059,0.0,0 days 02:00:00.000000000,-0.043030588235293266,-2.1515294117646633
601,2017-03-30 14:00:00,11.24,29.48,1.57,7.573383529411764,0.0,0 days 02:00:00.000000000,-0.04303058823529504,-2.151529411764752
602,2017-03-30 16:00:00,8.98,34.3,1.25,7.680960000000001,0.0,0 days 02:00:00.000000000,0.10757647058823672,5.378823529411836
603,2017-03-30 18:00:00,5.73,55.16,0.35,7.680960000000001,0.0,0 days 02:00:00.000000000,0.0,0.0
604,2017-03-31 08:00:00,-3.2,71.3,0.27,7.637929411764706,0.0,0 days 14:00:00.000000000,-0.04303058823529504,-0.3073613445378217
605,2017-03-31 10:00:00,9.4,36.12,0.65,7.5948988235294115,0.0,0 days 02:00:00.000000000,-0.043030588235294154,-2.1515294117647077
606,2017-03-31 12:00:00,9.19,35.42,2.73,7.551868235294116,0.0,0 days 02:00:00.000000000,-0.04303058823529504,-2.151529411764752
607,2017-03-31 14:00:00,9.29,37.49,2.64,7.5303529411764725,0.0,0 days 02:00:00.000000000,-0.021515294117643968,-1.0757647058821984
608,2017-03-31 16:00:00,7.46,44.66,2.12,7.648687058823531,0.0,0 days 02:00:00.000000000,0.11833411764705826,5.916705882352913
609,2017-03-31 18:00:00,5.73,48.69,0.81,7.627171764705883,0.0,0 days 02:00:00.000000000,-0.02151529411764752,-1.075764705882376
610,2017-04-01 06:00:00,0.85,63.4,0.9,7.5948988235294115,0.0,0 days 12:00:00.000000000,-0.032272941176471726,-0.26894117647059773
611,2017-04-01 08:00:00,4.83,49.46,1.45,7.519595294117647,0.0,0 days 02:00:00.000000000,-0.0753035294117641,-3.765176470588205
612,2017-04-01 10:00:00,5.97,40.54,5.43,7.455049411764707,0.0,0 days 02:00:00.000000000,-0.06454588235294079,-3.2272941176470393
613,2017-04-01 12:00:00,6.76,37.24,6.74,7.3797458823529425,0.0,0 days 02:00:00.000000000,-0.0753035294117641,-3.765176470588205
614,2017-04-01 14:00:00,6.08,35.72,4.27,7.3689882352941165,0.0,0 days 02:00:00.000000000,-0.010757647058825981,-0.537882352941299
615,2017-04-01 16:00:00,5.09,49.82,3.27,7.465807058823528,0.0,0 days 02:00:00.000000000,0.09681882352941162,4.840941176470581
616,2017-04-01 18:00:00,1.06,93.8,1.66,7.3797458823529425,0.0,0 days 02:00:00.000000000,-0.08606117647058564,-4.303058823529282
617,2017-04-02 06:00:00,-1.67,81.1,0.73,7.3797458823529425,0.0,0 days 12:00:00.000000000,0.0,0.0
618,2017-04-02 08:00:00,0.39,67.27,0.47,7.13232,0.0,0 days 02:00:00.000000000,-0.2474258823529425,-12.371294117647125
619,2017-04-02 10:00:00,3.3,54.0,2.65,7.089289411764707,0.0,0 days 02:00:00.000000000,-0.043030588235293266,-2.1515294117646633
620,2017-04-02 12:00:00,6.57,33.98,1.73,7.13232,0.0,0 days 02:00:00.000000000,0.043030588235293266,2.1515294117646633
621,2017-04-02 14:00:00,4.98,51.02,1.69,7.164592941176472,0.0,0 days 02:00:00.000000000,0.032272941176471726,1.6136470588235863
622,2017-04-02 16:00:00,5.4,39.67,1.92,7.293684705882352,0.0,0 days 02:00:00.000000000,0.12909176470588068,6.454588235294034
623,2017-04-02 18:00:00,4.04,59.53,0.49,7.229138823529412,0.0,0 days 02:00:00.000000000,-0.06454588235294079,-3.2272941176470393
624,2017-04-03 10:00:00,5.79,39.21,1.99,7.067774117647059,0.0,0 days 16:00:00.000000000,-0.1613647058823524,-1.0085294117647026
625,2017-04-03 12:00:00,7.66,34.24,2.38,7.057016470588236,0.0,0 days 02:00:00.000000000,-0.010757647058823316,-0.5378823529411658
626,2017-04-03 14:00:00,8.63,32.02,2.2,7.024743529411764,0.0,0 days 02:00:00.000000000,-0.032272941176471726,-1.6136470588235863
627,2017-04-03 16:00:00,7.57,40.65,1.89,6.949440000000001,0.0,0 days 02:00:00.000000000,-0.07530352941176321,-3.7651764705881607
628,2017-04-03 18:00:00,4.99,56.57,0.49,7.067774117647059,0.0,0 days 02:00:00.000000000,0.11833411764705826,5.916705882352913
629,2017-04-04 06:00:00,-1.28,98.7,0.29,6.788075294117648,0.0,0 days 12:00:00.000000000,-0.27969882352941156,-2.330823529411763
630,2017-04-04 08:00:00,2.33,75.6,0.23,6.6374682352941194,0.0,0 days 02:00:00.000000000,-0.1506070588235282,-7.53035294117641
631,2017-04-04 10:00:00,2.15,83.1,0.99,6.6267105882352935,0.0,0 days 02:00:00.000000000,-0.010757647058825981,-0.537882352941299
632,2017-04-04 12:00:00,2.68,69.82,1.41,6.605195294117648,0.0,0 days 02:00:00.000000000,-0.021515294117645745,-1.0757647058822872
633,2017-04-04 14:00:00,3.28,60.26,0.89,6.6374682352941194,0.0,0 days 02:00:00.000000000,0.032272941176471726,1.6136470588235863
634,2017-04-04 16:00:00,3.12,56.58,2.5,6.755802352941178,0.0,0 days 02:00:00.000000000,0.11833411764705826,5.916705882352913
635,2017-04-04 18:00:00,2.09,61.75,1.08,6.777317647058824,0.0,0 days 02:00:00.000000000,0.021515294117646633,1.0757647058823316
636,2017-04-05 06:00:00,-3.91,69.32,0.93,6.798832941176472,0.0,0 days 12:00:00.000000000,0.02151529411764752,0.17929411764706268
637,2017-04-05 08:00:00,-1.47,59.46,0.86,6.777317647058824,0.0,0 days 02:00:00.000000000,-0.02151529411764752,-1.075764705882376
638,2017-04-05 10:00:00,1.11,49.77,2.81,6.6697411764705885,0.0,0 days 02:00:00.000000000,-0.10757647058823583,-5.378823529411791
639,2017-04-05 12:00:00,3.24,46.94,1.98,6.6267105882352935,0.0,0 days 02:00:00.000000000,-0.04303058823529504,-2.151529411764752
640,2017-04-05 14:00:00,5.09,43.59,1.48,6.6697411764705885,0.0,0 days 02:00:00.000000000,0.04303058823529504,2.151529411764752
641,2017-04-05 16:00:00,4.73,49.73,2.08,6.605195294117648,0.0,0 days 02:00:00.000000000,-0.06454588235294079,-3.2272941176470393
642,2017-04-05 18:00:00,2.31,60.46,1.2,6.691256470588236,0.0,0 days 02:00:00.000000000,0.08606117647058831,4.303058823529415
643,2017-04-06 06:00:00,-1.09,78.8,0.75,6.658983529411764,0.0,0 days 12:00:00.000000000,-0.032272941176471726,-0.26894117647059773
644,2017-04-06 08:00:00,0.59,56.03,1.79,6.615952941176472,0.0,0 days 02:00:00.000000000,-0.04303058823529238,-2.151529411764619
645,2017-04-06 10:00:00,1.71,45.49,3.59,6.5191341176470585,0.0,0 days 02:00:00.000000000,-0.0968188235294134,-4.84094117647067
646,2017-04-06 12:00:00,3.25,40.93,2.98,6.5191341176470585,0.0,0 days 02:00:00.000000000,0.0,0.0
647,2017-04-06 14:00:00,4.15,37.04,2.99,6.605195294117648,0.0,0 days 02:00:00.000000000,0.0860611764705892,4.30305882352946
648,2017-04-06 16:00:00,3.14,35.99,2.3,6.6374682352941194,0.0,0 days 02:00:00.000000000,0.032272941176471726,1.6136470588235863
649,2017-04-06 18:00:00,0.97,48.05,0.6,6.6267105882352935,0.0,0 days 02:00:00.000000000,-0.010757647058825981,-0.537882352941299
650,2017-04-07 06:00:00,-4.77,61.24,0.52,6.5514070588235285,0.0,0 days 12:00:00.000000000,-0.07530352941176499,-0.6275294117647082
651,2017-04-07 08:00:00,1.5,42.01,0.98,6.476103529411764,0.0,0 days 02:00:00.000000000,-0.0753035294117641,-3.765176470588205
652,2017-04-07 10:00:00,5.13,41.48,2.47,6.3685270588235285,0.0,0 days 02:00:00.000000000,-0.10757647058823583,-5.378823529411791
653,2017-04-07 12:00:00,6.34,34.45,3.74,6.303981176470589,0.0,0 days 02:00:00.000000000,-0.0645458823529399,-3.227294117646995
654,2017-04-07 14:00:00,6.98,35.1,3.14,6.271708235294117,0.0,0 days 02:00:00.000000000,-0.032272941176471726,-1.6136470588235863
655,2017-04-07 16:00:00,5.96,40.99,2.88,6.260950588235294,0.0,0 days 02:00:00.000000000,-0.010757647058823316,-0.5378823529411658
