,time,file
0,2016:11:17 11:39:58,IMG_3973.JPG
1,2016:11:17 13:39:57,IMG_3974.JPG
2,2016:11:17 15:39:57,IMG_3975.JPG
3,2016:11:18 09:39:55,IMG_3977.JPG
4,2016:11:18 11:39:54,IMG_3978.JPG
5,2016:11:18 13:39:54,IMG_3979.JPG
6,2016:11:19 09:39:51,IMG_3982.JPG
7,2016:11:19 11:39:51,IMG_3983.JPG
8,2016:11:19 15:39:47,IMG_3985.JPG
9,2016:11:19 15:39:50,IMG_3986.JPG
10,2016:11:20 07:39:48,IMG_3987.JPG
11,2016:11:20 09:39:48,IMG_3988.JPG
12,2016:11:20 11:39:47,IMG_3989.JPG
13,2016:11:20 13:39:47,IMG_3990.JPG
14,2016:11:20 15:39:47,IMG_3991.JPG
15,2016:11:21 07:39:45,IMG_3992.JPG
16,2016:11:21 09:39:44,IMG_3993.JPG
17,2016:11:21 11:39:44,IMG_3994.JPG
18,2016:11:21 13:39:44,IMG_3995.JPG
19,2016:11:21 15:39:44,IMG_3996.JPG
20,2016:11:22 07:39:41,IMG_3997.JPG
21,2016:11:22 09:39:41,IMG_3998.JPG
22,2016:11:22 11:39:41,IMG_3999.JPG
23,2016:11:22 13:39:40,IMG_4000.JPG
24,2016:11:22 15:39:40,IMG_4001.JPG
25,2016:11:23 09:39:38,IMG_4003.JPG
26,2016:11:23 11:39:37,IMG_4004.JPG
27,2016:11:23 13:39:37,IMG_4005.JPG
28,2016:11:23 15:39:37,IMG_4006.JPG
29,2016:11:24 07:39:35,IMG_4007.JPG
30,2016:11:24 09:39:34,IMG_4008.JPG
31,2016:11:24 11:39:34,IMG_4009.JPG
32,2016:11:24 13:39:34,IMG_4010.JPG
33,2016:11:24 15:39:34,IMG_4011.JPG
34,2016:11:25 07:39:31,IMG_4012.JPG
35,2016:11:25 09:39:31,IMG_4013.JPG
36,2016:11:25 11:39:31,IMG_4014.JPG
37,2016:11:25 13:39:30,IMG_4015.JPG
38,2016:11:25 15:39:30,IMG_4016.JPG
39,2016:11:26 07:39:28,IMG_4017.JPG
40,2016:11:26 09:39:28,IMG_4018.JPG
41,2016:11:26 11:39:27,IMG_4019.JPG
42,2016:11:26 13:39:27,IMG_4020.JPG
43,2016:11:26 15:39:27,IMG_4021.JPG
44,2016:11:27 07:39:25,IMG_4022.JPG
45,2016:11:27 09:39:24,IMG_4023.JPG
46,2016:11:28 11:39:20,IMG_4029.JPG
47,2016:11:28 13:39:20,IMG_4030.JPG
48,2016:11:28 15:39:20,IMG_4031.JPG
49,2016:11:29 07:39:17,IMG_4032.JPG
50,2016:11:29 09:39:17,IMG_4033.JPG
51,2016:11:29 11:39:17,IMG_4034.JPG
52,2016:11:29 13:39:16,IMG_4035.JPG
53,2016:11:29 15:39:16,IMG_4036.JPG
54,2016:11:30 07:39:14,IMG_4037.JPG
55,2016:11:30 11:39:13,IMG_4039.JPG
56,2016:11:30 13:39:13,IMG_4040.JPG
57,2016:12:01 07:39:10,IMG_4042.JPG
58,2016:12:01 09:39:07,IMG_4043.JPG
59,2016:12:01 11:39:09,IMG_4044.JPG
60,2016:12:01 13:39:09,IMG_4045.JPG
61,2016:12:01 15:39:09,IMG_4046.JPG
62,2016:12:02 07:39:06,IMG_4047.JPG
63,2016:12:02 09:39:06,IMG_4048.JPG
64,2016:12:02 11:39:06,IMG_4049.JPG
65,2016:12:02 13:39:05,IMG_4050.JPG
66,2016:12:02 15:39:05,IMG_4051.JPG
67,2016:12:03 07:39:03,IMG_4052.JPG
68,2016:12:03 09:39:02,IMG_4053.JPG
69,2016:12:03 11:39:02,IMG_4054.JPG
70,2016:12:03 13:39:02,IMG_4055.JPG
71,2016:12:03 15:39:01,IMG_4056.JPG
72,2016:12:04 07:38:59,IMG_4057.JPG
73,2016:12:04 09:38:59,IMG_4058.JPG
74,2016:12:04 11:38:58,IMG_4059.JPG
75,2016:12:04 13:38:58,IMG_4060.JPG
76,2016:12:04 15:38:58,IMG_4061.JPG
77,2016:12:05 07:38:55,IMG_4062.JPG
78,2016:12:05 09:38:55,IMG_4063.JPG
79,2016:12:05 11:38:53,IMG_4064.JPG
80,2016:12:05 13:38:51,IMG_4065.JPG
81,2016:12:05 13:38:54,IMG_4066.JPG
82,2016:12:05 15:38:53,IMG_4067.JPG
83,2016:12:06 07:38:51,IMG_4068.JPG
84,2016:12:06 09:38:51,IMG_4069.JPG
85,2016:12:06 11:38:50,IMG_4070.JPG
86,2016:12:06 13:38:50,IMG_4071.JPG
87,2016:12:06 15:38:47,IMG_4072.JPG
88,2016:12:06 15:38:50,IMG_4073.JPG
89,2016:12:07 07:38:47,IMG_4074.JPG
90,2016:12:07 09:38:47,IMG_4075.JPG
91,2016:12:07 11:38:47,IMG_4076.JPG
92,2016:12:07 13:38:47,IMG_4077.JPG
93,2016:12:07 15:38:46,IMG_4078.JPG
94,2016:12:08 07:38:44,IMG_4079.JPG
95,2016:12:08 09:38:44,IMG_4080.JPG
96,2016:12:08 11:38:43,IMG_4081.JPG
97,2016:12:08 15:38:42,IMG_4082.JPG
98,2016:12:09 07:38:39,IMG_4083.JPG
99,2016:12:09 09:38:39,IMG_4084.JPG
100,2016:12:09 11:38:40,IMG_4085.JPG
101,2016:12:09 13:38:39,IMG_4086.JPG
102,2016:12:09 15:38:39,IMG_4087.JPG
103,2016:12:10 07:38:37,IMG_4088.JPG
104,2016:12:10 09:38:35,IMG_4089.JPG
105,2016:12:10 11:38:36,IMG_4090.JPG
106,2016:12:10 13:38:36,IMG_4091.JPG
107,2016:12:10 15:38:35,IMG_4092.JPG
108,2016:12:11 09:38:32,IMG_4093.JPG
109,2016:12:11 11:38:32,IMG_4094.JPG
110,2016:12:11 13:38:31,IMG_4095.JPG
111,2016:12:12 07:38:29,IMG_4096.JPG
112,2016:12:12 11:38:28,IMG_4097.JPG
113,2016:12:12 13:38:28,IMG_4098.JPG
114,2016:12:13 07:38:25,IMG_4099.JPG
115,2016:12:13 09:38:24,IMG_4100.JPG
116,2016:12:13 11:38:25,IMG_4101.JPG
117,2016:12:13 13:38:25,IMG_4102.JPG
118,2016:12:13 15:38:23,IMG_4103.JPG
119,2016:12:14 07:38:21,IMG_4104.JPG
120,2016:12:14 09:38:21,IMG_4105.JPG
121,2016:12:14 11:38:21,IMG_4106.JPG
122,2016:12:14 13:38:20,IMG_4107.JPG
123,2016:12:14 15:38:21,IMG_4108.JPG
124,2016:12:15 07:38:17,IMG_4109.JPG
125,2016:12:15 09:38:17,IMG_4110.JPG
126,2016:12:15 11:38:18,IMG_4111.JPG
127,2016:12:15 13:38:16,IMG_4112.JPG
128,2016:12:16 07:38:14,IMG_4113.JPG
129,2016:12:16 09:38:13,IMG_4114.JPG
130,2016:12:16 11:38:13,IMG_4115.JPG
131,2016:12:16 13:38:14,IMG_4116.JPG
132,2016:12:16 15:38:12,IMG_4117.JPG
133,2016:12:17 11:38:09,IMG_4120.JPG
134,2016:12:17 13:38:09,IMG_4121.JPG
135,2016:12:17 15:38:09,IMG_4122.JPG
136,2016:12:18 07:38:06,IMG_4123.JPG
137,2016:12:18 09:38:06,IMG_4124.JPG
138,2016:12:18 11:38:06,IMG_4125.JPG
139,2016:12:18 13:38:05,IMG_4126.JPG
140,2016:12:18 15:38:05,IMG_4127.JPG
141,2016:12:19 07:38:02,IMG_4128.JPG
142,2016:12:19 09:38:02,IMG_4129.JPG
143,2016:12:19 11:38:02,IMG_4130.JPG
144,2016:12:19 13:38:02,IMG_4131.JPG
145,2016:12:19 15:38:01,IMG_4132.JPG
146,2016:12:20 07:37:59,IMG_4133.JPG
147,2016:12:20 09:37:59,IMG_4134.JPG
148,2016:12:20 11:37:58,IMG_4135.JPG
149,2016:12:20 13:37:58,IMG_4136.JPG
150,2016:12:20 15:37:58,IMG_4137.JPG
151,2016:12:21 07:37:55,IMG_4138.JPG
152,2016:12:21 09:37:55,IMG_4139.JPG
153,2016:12:21 11:37:54,IMG_4140.JPG
154,2016:12:21 13:37:54,IMG_4141.JPG
155,2016:12:21 15:37:54,IMG_4142.JPG
156,2016:12:22 11:37:51,IMG_4145.JPG
157,2016:12:22 13:37:51,IMG_4146.JPG
158,2016:12:22 15:37:50,IMG_4147.JPG
159,2016:12:23 07:37:48,IMG_4148.JPG
160,2016:12:23 09:37:47,IMG_4149.JPG
161,2016:12:23 11:37:47,IMG_4150.JPG
162,2016:12:23 13:37:47,IMG_4151.JPG
163,2016:12:23 15:37:47,IMG_4152.JPG
164,2016:12:24 07:37:44,IMG_4153.JPG
165,2016:12:24 09:37:44,IMG_4154.JPG
166,2016:12:24 11:37:44,IMG_4155.JPG
167,2016:12:24 13:37:43,IMG_4156.JPG
168,2016:12:24 15:37:43,IMG_4157.JPG
169,2016:12:25 07:37:41,IMG_4158.JPG
170,2016:12:25 09:37:40,IMG_4159.JPG
171,2016:12:25 11:37:40,IMG_4160.JPG
172,2016:12:25 13:37:40,IMG_4161.JPG
173,2016:12:25 15:37:39,IMG_4162.JPG
174,2016:12:26 07:37:37,IMG_4163.JPG
175,2016:12:26 09:37:37,IMG_4164.JPG
176,2016:12:26 11:37:36,IMG_4165.JPG
177,2016:12:26 13:37:36,IMG_4166.JPG
178,2016:12:26 15:37:36,IMG_4167.JPG
179,2016:12:27 07:37:34,IMG_4168.JPG
180,2016:12:27 09:37:33,IMG_4169.JPG
181,2016:12:27 11:37:33,IMG_4170.JPG
182,2016:12:27 13:37:33,IMG_4171.JPG
183,2016:12:27 15:37:32,IMG_4172.JPG
184,2016:12:28 07:37:30,IMG_4173.JPG
185,2016:12:28 09:37:30,IMG_4174.JPG
186,2016:12:28 11:37:29,IMG_4175.JPG
187,2016:12:28 13:37:29,IMG_4176.JPG
188,2016:12:28 15:37:29,IMG_4177.JPG
189,2016:12:29 07:37:26,IMG_4178.JPG
190,2016:12:29 09:37:26,IMG_4179.JPG
191,2016:12:29 11:37:26,IMG_4180.JPG
192,2016:12:29 13:37:25,IMG_4181.JPG
193,2016:12:29 15:37:25,IMG_4182.JPG
194,2016:12:30 07:37:22,IMG_4183.JPG
195,2016:12:30 09:37:22,IMG_4184.JPG
196,2016:12:30 11:37:22,IMG_4185.JPG
197,2016:12:30 13:37:22,IMG_4186.JPG
198,2016:12:30 15:37:21,IMG_4187.JPG
199,2016:12:31 07:37:19,IMG_4188.JPG
200,2016:12:31 09:37:18,IMG_4189.JPG
201,2016:12:31 11:37:18,IMG_4190.JPG
202,2016:12:31 13:37:18,IMG_4191.JPG
203,2017:01:01 11:37:14,IMG_4195.JPG
204,2017:01:01 13:37:14,IMG_4196.JPG
205,2017:01:01 15:37:14,IMG_4197.JPG
206,2017:01:02 07:37:11,IMG_4198.JPG
207,2017:01:02 11:37:11,IMG_4200.JPG
208,2017:01:02 13:37:10,IMG_4201.JPG
209,2017:01:02 15:37:10,IMG_4202.JPG
210,2017:01:03 07:37:08,IMG_4203.JPG
211,2017:01:03 09:37:07,IMG_4204.JPG
212,2017:01:03 11:37:07,IMG_4205.JPG
213,2017:01:03 13:37:07,IMG_4206.JPG
214,2017:01:03 15:37:06,IMG_4207.JPG
215,2017:01:04 07:37:04,IMG_4208.JPG
216,2017:01:04 09:37:04,IMG_4209.JPG
217,2017:01:04 11:37:03,IMG_4210.JPG
218,2017:01:04 13:37:03,IMG_4211.JPG
219,2017:01:04 15:37:03,IMG_4212.JPG
220,2017:01:05 09:37:00,IMG_4214.JPG
221,2017:01:05 11:37:00,IMG_4215.JPG
222,2017:01:06 07:36:57,IMG_4218.JPG
223,2017:01:06 09:36:56,IMG_4219.JPG
224,2017:01:06 11:36:56,IMG_4220.JPG
225,2017:01:06 13:36:56,IMG_4221.JPG
226,2017:01:06 15:36:55,IMG_4222.JPG
227,2017:01:07 07:36:52,IMG_4223.JPG
228,2017:01:07 09:36:52,IMG_4224.JPG
229,2017:01:07 11:36:52,IMG_4225.JPG
230,2017:01:07 13:36:51,IMG_4226.JPG
231,2017:01:07 15:36:51,IMG_4227.JPG
232,2017:01:08 07:36:49,IMG_4228.JPG
233,2017:01:08 09:36:49,IMG_4229.JPG
234,2017:01:08 11:36:48,IMG_4230.JPG
235,2017:01:08 13:36:48,IMG_4231.JPG
236,2017:01:08 15:36:48,IMG_4232.JPG
237,2017:01:09 07:36:45,IMG_4233.JPG
238,2017:01:09 09:36:45,IMG_4234.JPG
239,2017:01:09 11:36:44,IMG_4235.JPG
240,2017:01:09 13:36:44,IMG_4236.JPG
241,2017:01:10 07:36:41,IMG_4238.JPG
242,2017:01:10 09:36:41,IMG_4239.JPG
243,2017:01:10 11:36:41,IMG_4240.JPG
244,2017:01:10 13:36:40,IMG_4241.JPG
245,2017:01:10 15:36:40,IMG_4242.JPG
246,2017:01:11 07:36:37,IMG_4243.JPG
247,2017:01:11 09:36:37,IMG_4244.JPG
248,2017:01:11 11:36:37,IMG_4245.JPG
249,2017:01:11 13:36:37,IMG_4246.JPG
250,2017:01:11 15:36:36,IMG_4247.JPG
251,2017:01:12 07:36:34,IMG_4248.JPG
252,2017:01:12 09:36:34,IMG_4249.JPG
253,2017:01:12 11:36:33,IMG_4250.JPG
254,2017:01:12 13:36:33,IMG_4251.JPG
255,2017:01:12 15:36:33,IMG_4252.JPG
256,2017:01:13 13:36:29,IMG_4256.JPG
257,2017:01:13 15:36:29,IMG_4257.JPG
258,2017:01:14 07:36:27,IMG_4258.JPG
259,2017:01:14 09:36:26,IMG_4259.JPG
260,2017:01:14 11:36:26,IMG_4260.JPG
261,2017:01:14 13:36:26,IMG_4261.JPG
262,2017:01:14 15:36:25,IMG_4262.JPG
263,2017:01:15 07:36:23,IMG_4263.JPG
264,2017:01:15 09:36:23,IMG_4264.JPG
265,2017:01:15 11:36:22,IMG_4265.JPG
266,2017:01:15 13:36:22,IMG_4266.JPG
267,2017:01:15 15:36:22,IMG_4267.JPG
268,2017:01:16 07:36:19,IMG_4268.JPG
269,2017:01:16 09:36:19,IMG_4269.JPG
270,2017:01:16 11:36:18,IMG_4270.JPG
271,2017:01:16 13:36:18,IMG_4271.JPG
272,2017:01:16 15:36:18,IMG_4272.JPG
273,2017:01:17 07:36:15,IMG_4273.JPG
274,2017:01:17 09:36:15,IMG_4274.JPG
275,2017:01:17 11:36:14,IMG_4275.JPG
276,2017:01:17 13:36:14,IMG_4276.JPG
277,2017:01:17 15:36:14,IMG_4277.JPG
278,2017:01:18 07:36:11,IMG_4278.JPG
279,2017:01:18 11:36:10,IMG_4280.JPG
280,2017:01:18 13:36:10,IMG_4281.JPG
281,2017:01:19 13:36:06,IMG_4286.JPG
282,2017:01:20 13:36:02,IMG_4291.JPG
283,2017:01:21 13:35:58,IMG_4296.JPG
284,2017:01:21 15:35:58,IMG_4297.JPG
285,2017:01:22 11:35:54,IMG_4300.JPG
286,2017:01:22 13:35:54,IMG_4301.JPG
287,2017:01:23 09:35:51,IMG_4304.JPG
288,2017:01:23 11:35:50,IMG_4305.JPG
289,2017:01:23 13:35:50,IMG_4306.JPG
290,2017:01:23 15:35:50,IMG_4307.JPG
291,2017:01:24 13:35:46,IMG_4311.JPG
292,2017:01:24 15:35:46,IMG_4312.JPG
293,2017:01:25 07:35:43,IMG_4313.JPG
294,2017:01:25 09:35:43,IMG_4314.JPG
295,2017:01:25 11:35:42,IMG_4315.JPG
296,2017:01:25 15:35:42,IMG_4317.JPG
297,2017:01:26 11:35:39,IMG_4320.JPG
298,2017:01:26 13:35:38,IMG_4321.JPG
299,2017:01:26 15:35:38,IMG_4322.JPG
300,2017:01:27 07:35:36,IMG_4323.JPG
301,2017:01:27 09:35:35,IMG_4324.JPG
302,2017:01:27 11:35:35,IMG_4325.JPG
303,2017:01:27 13:35:35,IMG_4326.JPG
304,2017:01:27 15:35:34,IMG_4327.JPG
305,2017:01:28 07:35:32,IMG_4328.JPG
306,2017:01:28 09:35:32,IMG_4329.JPG
307,2017:01:28 11:35:31,IMG_4330.JPG
308,2017:01:28 13:35:31,IMG_4331.JPG
309,2017:01:28 15:35:31,IMG_4332.JPG
310,2017:01:29 11:35:28,IMG_4335.JPG
311,2017:01:29 13:35:27,IMG_4336.JPG
312,2017:01:29 15:35:27,IMG_4337.JPG
313,2017:01:30 07:35:24,IMG_4338.JPG
314,2017:01:30 09:35:24,IMG_4339.JPG
315,2017:01:30 11:35:24,IMG_4340.JPG
316,2017:01:30 13:35:24,IMG_4341.JPG
317,2017:01:30 15:35:23,IMG_4342.JPG
318,2017:01:31 07:35:21,IMG_4343.JPG
319,2017:01:31 09:35:21,IMG_4344.JPG
320,2017:01:31 11:35:20,IMG_4345.JPG
321,2017:01:31 13:35:20,IMG_4346.JPG
322,2017:01:31 15:35:20,IMG_4347.JPG
323,2017:02:01 07:35:18,IMG_4348.JPG
324,2017:02:01 09:35:17,IMG_4349.JPG
325,2017:02:01 11:35:17,IMG_4350.JPG
326,2017:02:01 13:35:17,IMG_4351.JPG
327,2017:02:01 15:35:16,IMG_4352.JPG
328,2017:02:02 07:35:14,IMG_4353.JPG
329,2017:02:02 09:35:14,IMG_4354.JPG
330,2017:02:02 11:35:14,IMG_4355.JPG
331,2017:02:02 13:35:13,IMG_4356.JPG
332,2017:02:02 15:35:13,IMG_4357.JPG
333,2017:02:03 07:35:11,IMG_4358.JPG
334,2017:02:03 09:35:10,IMG_4359.JPG
335,2017:02:03 11:35:10,IMG_4360.JPG
336,2017:02:03 13:35:10,IMG_4361.JPG
337,2017:02:03 15:35:10,IMG_4362.JPG
338,2017:02:04 07:35:07,IMG_4363.JPG
339,2017:02:04 09:35:07,IMG_4364.JPG
340,2017:02:04 11:35:07,IMG_4365.JPG
341,2017:02:04 13:35:06,IMG_4366.JPG
342,2017:02:04 15:35:06,IMG_4367.JPG
343,2017:02:05 07:35:04,IMG_4368.JPG
344,2017:02:05 09:35:03,IMG_4369.JPG
345,2017:02:05 11:35:03,IMG_4370.JPG
346,2017:02:05 13:35:03,IMG_4371.JPG
347,2017:02:05 15:35:02,IMG_4372.JPG
348,2017:02:06 09:35:00,IMG_4374.JPG
349,2017:02:06 11:34:59,IMG_4375.JPG
350,2017:02:06 13:34:59,IMG_4376.JPG
351,2017:02:06 15:34:59,IMG_4377.JPG
352,2017:02:07 07:34:56,IMG_4378.JPG
353,2017:02:07 09:34:56,IMG_4379.JPG
354,2017:02:07 11:34:56,IMG_4380.JPG
355,2017:02:07 13:34:55,IMG_4381.JPG
356,2017:02:07 15:34:55,IMG_4382.JPG
357,2017:02:08 07:34:53,IMG_4383.JPG
358,2017:02:08 09:34:52,IMG_4384.JPG
359,2017:02:08 11:34:52,IMG_4385.JPG
360,2017:02:08 13:34:52,IMG_4386.JPG
361,2017:02:08 15:34:52,IMG_4387.JPG
362,2017:02:09 07:34:49,IMG_4388.JPG
363,2017:02:09 09:34:49,IMG_4389.JPG
364,2017:02:09 11:34:49,IMG_4390.JPG
365,2017:02:09 13:34:49,IMG_4391.JPG
366,2017:02:09 15:34:48,IMG_4392.JPG
367,2017:02:10 07:34:46,IMG_4393.JPG
368,2017:02:10 09:34:45,IMG_4394.JPG
369,2017:02:10 11:34:45,IMG_4395.JPG
370,2017:02:11 13:34:41,IMG_4401.JPG
371,2017:02:11 15:34:41,IMG_4402.JPG
372,2017:02:12 07:34:39,IMG_4403.JPG
373,2017:02:12 09:34:38,IMG_4404.JPG
374,2017:02:12 11:34:38,IMG_4405.JPG
375,2017:02:12 13:34:38,IMG_4406.JPG
376,2017:02:12 15:34:37,IMG_4407.JPG
377,2017:02:13 11:34:34,IMG_4410.JPG
378,2017:02:13 13:34:34,IMG_4411.JPG
379,2017:02:13 15:34:34,IMG_4412.JPG
380,2017:02:14 07:34:31,IMG_4413.JPG
381,2017:02:14 09:34:31,IMG_4414.JPG
382,2017:02:14 11:34:31,IMG_4415.JPG
383,2017:02:14 13:34:30,IMG_4416.JPG
384,2017:02:15 07:34:28,IMG_4418.JPG
385,2017:02:15 09:34:27,IMG_4419.JPG
386,2017:02:15 11:34:27,IMG_4420.JPG
387,2017:02:15 13:34:27,IMG_4421.JPG
388,2017:02:16 07:34:24,IMG_4423.JPG
389,2017:02:16 09:34:24,IMG_4424.JPG
390,2017:02:16 11:34:23,IMG_4425.JPG
391,2017:02:16 13:34:23,IMG_4426.JPG
392,2017:02:16 15:34:23,IMG_4427.JPG
393,2017:02:17 07:34:20,IMG_4428.JPG
394,2017:02:17 09:34:20,IMG_4429.JPG
395,2017:02:17 11:34:20,IMG_4430.JPG
396,2017:02:17 13:34:19,IMG_4431.JPG
397,2017:02:17 15:34:19,IMG_4432.JPG
398,2017:02:18 11:34:16,IMG_4435.JPG
399,2017:02:18 13:34:16,IMG_4436.JPG
400,2017:02:18 15:34:16,IMG_4437.JPG
401,2017:02:19 11:34:12,IMG_4440.JPG
402,2017:02:19 13:34:12,IMG_4441.JPG
403,2017:02:19 15:34:12,IMG_4442.JPG
404,2017:02:20 07:34:09,IMG_4443.JPG
405,2017:02:20 09:34:09,IMG_4444.JPG
406,2017:02:20 11:34:09,IMG_4445.JPG
407,2017:02:20 13:34:08,IMG_4446.JPG
408,2017:02:20 15:34:08,IMG_4447.JPG
409,2017:02:21 07:34:06,IMG_4448.JPG
410,2017:02:21 09:34:05,IMG_4449.JPG
411,2017:02:21 11:34:05,IMG_4450.JPG
412,2017:02:21 13:34:05,IMG_4451.JPG
413,2017:02:21 15:34:05,IMG_4452.JPG
414,2017:02:22 07:34:02,IMG_4453.JPG
415,2017:02:22 09:34:02,IMG_4454.JPG
416,2017:02:22 11:34:02,IMG_4455.JPG
417,2017:02:22 13:34:02,IMG_4456.JPG
418,2017:02:22 15:34:01,IMG_4457.JPG
419,2017:02:23 07:33:59,IMG_4458.JPG
420,2017:02:23 09:33:59,IMG_4459.JPG
421,2017:02:23 11:33:58,IMG_4460.JPG
422,2017:02:23 13:33:58,IMG_4461.JPG
423,2017:02:23 15:33:58,IMG_4462.JPG
424,2017:02:24 07:33:56,IMG_4463.JPG
425,2017:02:24 09:33:55,IMG_4464.JPG
426,2017:02:24 11:33:55,IMG_4465.JPG
427,2017:02:24 13:33:55,IMG_4466.JPG
428,2017:02:24 15:33:54,IMG_4467.JPG
429,2017:02:25 07:33:52,IMG_4468.JPG
430,2017:02:25 09:33:52,IMG_4469.JPG
431,2017:02:25 11:33:51,IMG_4470.JPG
432,2017:02:25 13:33:51,IMG_4471.JPG
433,2017:02:25 15:33:51,IMG_4472.JPG
434,2017:02:26 07:33:48,IMG_4473.JPG
435,2017:02:26 09:33:48,IMG_4474.JPG
436,2017:02:26 11:33:48,IMG_4475.JPG
437,2017:02:26 13:33:47,IMG_4476.JPG
438,2017:02:26 15:33:47,IMG_4477.JPG
439,2017:02:27 07:33:45,IMG_4478.JPG
440,2017:02:27 09:33:45,IMG_4479.JPG
441,2017:02:27 11:33:44,IMG_4480.JPG
442,2017:02:27 13:33:44,IMG_4481.JPG
443,2017:02:27 15:33:44,IMG_4482.JPG
444,2017:02:28 07:33:41,IMG_4483.JPG
445,2017:02:28 09:33:41,IMG_4484.JPG
446,2017:02:28 11:33:41,IMG_4485.JPG
447,2017:02:28 13:33:41,IMG_4486.JPG
448,2017:02:28 15:33:40,IMG_4487.JPG
449,2017:03:01 09:33:38,IMG_4489.JPG
450,2017:03:01 11:33:37,IMG_4490.JPG
451,2017:03:01 13:33:37,IMG_4491.JPG
452,2017:03:01 15:33:37,IMG_4492.JPG
453,2017:03:02 07:33:35,IMG_4493.JPG
454,2017:03:02 09:33:34,IMG_4494.JPG
455,2017:03:02 11:33:34,IMG_4495.JPG
456,2017:03:02 13:33:34,IMG_4496.JPG
457,2017:03:02 15:33:33,IMG_4497.JPG
458,2017:03:03 07:33:31,IMG_4498.JPG
459,2017:03:03 09:33:31,IMG_4499.JPG
460,2017:03:03 11:33:30,IMG_4500.JPG
461,2017:03:03 13:33:30,IMG_4501.JPG
462,2017:03:03 15:33:30,IMG_4502.JPG
463,2017:03:04 07:33:28,IMG_4503.JPG
464,2017:03:04 09:33:27,IMG_4504.JPG
465,2017:03:04 11:33:27,IMG_4505.JPG
466,2017:03:05 09:33:24,IMG_4509.JPG
467,2017:03:05 13:33:23,IMG_4511.JPG
468,2017:03:05 15:33:23,IMG_4512.JPG
469,2017:03:06 09:33:21,IMG_4514.JPG
470,2017:03:06 11:33:20,IMG_4515.JPG
471,2017:03:06 13:33:20,IMG_4516.JPG
472,2017:03:06 15:33:20,IMG_4517.JPG
473,2017:03:07 07:33:17,IMG_4518.JPG
474,2017:03:07 09:33:17,IMG_4519.JPG
475,2017:03:07 11:33:17,IMG_4520.JPG
476,2017:03:07 13:33:17,IMG_4521.JPG
477,2017:03:07 15:33:16,IMG_4522.JPG
478,2017:03:08 07:33:14,IMG_4523.JPG
479,2017:03:08 09:33:14,IMG_4524.JPG
480,2017:03:08 11:33:13,IMG_4525.JPG
481,2017:03:08 13:33:13,IMG_4526.JPG
482,2017:03:08 15:33:13,IMG_4527.JPG
483,2017:03:09 07:33:10,IMG_4528.JPG
484,2017:03:09 09:33:10,IMG_4529.JPG
485,2017:03:09 11:33:10,IMG_4530.JPG
486,2017:03:09 13:33:10,IMG_4531.JPG
487,2017:03:09 15:33:09,IMG_4532.JPG
488,2017:03:10 07:33:07,IMG_4533.JPG
489,2017:03:10 09:33:07,IMG_4534.JPG
490,2017:03:10 11:33:07,IMG_4535.JPG
491,2017:03:10 13:33:06,IMG_4536.JPG
492,2017:03:11 07:33:04,IMG_4538.JPG
493,2017:03:11 09:33:03,IMG_4539.JPG
494,2017:03:11 11:33:03,IMG_4540.JPG
495,2017:03:11 13:33:03,IMG_4541.JPG
496,2017:03:11 15:33:02,IMG_4542.JPG
497,2017:03:12 07:33:00,IMG_4543.JPG
498,2017:03:12 09:33:00,IMG_4544.JPG
499,2017:03:12 11:33:00,IMG_4545.JPG
500,2017:03:12 13:32:59,IMG_4546.JPG
501,2017:03:12 15:32:59,IMG_4547.JPG
502,2017:03:13 07:32:57,IMG_4548.JPG
503,2017:03:13 09:32:56,IMG_4549.JPG
504,2017:03:13 11:32:56,IMG_4550.JPG
505,2017:03:13 13:32:56,IMG_4551.JPG
506,2017:03:13 15:32:56,IMG_4552.JPG
507,2017:03:14 07:32:53,IMG_4553.JPG
508,2017:03:14 09:32:53,IMG_4554.JPG
509,2017:03:14 11:32:53,IMG_4555.JPG
510,2017:03:14 13:32:52,IMG_4556.JPG
511,2017:03:14 15:32:52,IMG_4557.JPG
512,2017:03:15 05:32:50,IMG_4558.JPG
513,2017:03:15 07:32:50,IMG_4559.JPG
514,2017:03:15 09:32:49,IMG_4560.JPG
515,2017:03:15 11:32:49,IMG_4561.JPG
516,2017:03:15 13:32:49,IMG_4562.JPG
517,2017:03:15 15:32:49,IMG_4563.JPG
518,2017:03:15 17:32:48,IMG_4564.JPG
519,2017:03:16 07:32:46,IMG_4565.JPG
520,2017:03:16 09:32:46,IMG_4566.JPG
521,2017:03:16 11:32:46,IMG_4567.JPG
522,2017:03:16 13:32:45,IMG_4568.JPG
523,2017:03:16 15:32:45,IMG_4569.JPG
524,2017:03:17 09:32:42,IMG_4572.JPG
525,2017:03:17 11:32:42,IMG_4573.JPG
526,2017:03:17 13:32:42,IMG_4574.JPG
527,2017:03:17 15:32:42,IMG_4575.JPG
528,2017:03:17 17:32:41,IMG_4576.JPG
529,2017:03:18 05:32:40,IMG_4577.JPG
530,2017:03:18 07:32:39,IMG_4578.JPG
531,2017:03:18 09:32:39,IMG_4579.JPG
532,2017:03:18 11:32:39,IMG_4580.JPG
533,2017:03:18 13:32:39,IMG_4581.JPG
534,2017:03:18 15:32:38,IMG_4582.JPG
535,2017:03:19 05:32:36,IMG_4583.JPG
536,2017:03:19 07:32:36,IMG_4584.JPG
537,2017:03:19 09:32:36,IMG_4585.JPG
538,2017:03:19 11:32:36,IMG_4586.JPG
539,2017:03:19 13:32:35,IMG_4587.JPG
540,2017:03:19 15:32:35,IMG_4588.JPG
541,2017:03:19 17:32:35,IMG_4589.JPG
542,2017:03:20 11:32:32,IMG_4593.JPG
543,2017:03:20 13:32:32,IMG_4594.JPG
544,2017:03:20 15:32:32,IMG_4595.JPG
545,2017:03:20 17:32:31,IMG_4596.JPG
546,2017:03:21 05:32:30,IMG_4597.JPG
547,2017:03:21 07:32:29,IMG_4598.JPG
548,2017:03:21 09:32:29,IMG_4599.JPG
549,2017:03:21 11:32:29,IMG_4600.JPG
550,2017:03:21 13:32:28,IMG_4601.JPG
551,2017:03:21 15:32:28,IMG_4602.JPG
552,2017:03:21 17:32:28,IMG_4603.JPG
553,2017:03:22 05:32:26,IMG_4604.JPG
554,2017:03:22 07:32:26,IMG_4605.JPG
555,2017:03:22 09:32:26,IMG_4606.JPG
556,2017:03:22 11:32:25,IMG_4607.JPG
557,2017:03:22 13:32:25,IMG_4608.JPG
558,2017:03:22 15:32:25,IMG_4609.JPG
559,2017:03:22 17:32:25,IMG_4610.JPG
560,2017:03:23 05:32:23,IMG_4611.JPG
561,2017:03:23 07:32:23,IMG_4612.JPG
562,2017:03:23 09:32:22,IMG_4613.JPG
563,2017:03:23 11:32:22,IMG_4614.JPG
564,2017:03:23 13:32:22,IMG_4615.JPG
565,2017:03:23 15:32:22,IMG_4616.JPG
566,2017:03:24 05:32:20,IMG_4617.JPG
567,2017:03:24 07:32:19,IMG_4618.JPG
568,2017:03:24 09:32:19,IMG_4619.JPG
569,2017:03:24 11:32:19,IMG_4620.JPG
570,2017:03:24 13:32:18,IMG_4621.JPG
571,2017:03:24 15:32:18,IMG_4622.JPG
572,2017:03:24 17:32:18,IMG_4623.JPG
573,2017:03:25 09:32:16,IMG_4626.JPG
574,2017:03:25 11:32:15,IMG_4627.JPG
575,2017:03:25 17:32:15,IMG_4630.JPG
576,2017:03:26 05:32:13,IMG_4631.JPG
577,2017:03:26 07:32:13,IMG_4632.JPG
578,2017:03:26 09:32:12,IMG_4633.JPG
579,2017:03:26 11:32:12,IMG_4634.JPG
580,2017:03:26 13:32:12,IMG_4635.JPG
581,2017:03:26 15:32:11,IMG_4636.JPG
582,2017:03:26 17:32:11,IMG_4637.JPG
583,2017:03:27 09:32:09,IMG_4640.JPG
584,2017:03:27 11:32:09,IMG_4641.JPG
585,2017:03:27 13:32:08,IMG_4642.JPG
586,2017:03:27 15:32:08,IMG_4643.JPG
587,2017:03:27 17:32:08,IMG_4644.JPG
588,2017:03:28 05:32:06,IMG_4645.JPG
589,2017:03:28 07:32:06,IMG_4646.JPG
590,2017:03:28 09:32:05,IMG_4647.JPG
591,2017:03:28 11:32:05,IMG_4648.JPG
592,2017:03:28 13:32:05,IMG_4649.JPG
593,2017:03:28 15:32:05,IMG_4650.JPG
594,2017:03:28 17:32:04,IMG_4651.JPG
595,2017:03:29 07:32:02,IMG_4653.JPG
596,2017:03:29 09:32:02,IMG_4654.JPG
597,2017:03:29 11:32:02,IMG_4655.JPG
598,2017:03:29 13:32:02,IMG_4656.JPG
599,2017:03:29 15:32:01,IMG_4657.JPG
600,2017:03:29 17:32:01,IMG_4658.JPG
601,2017:03:30 05:31:59,IMG_4659.JPG
602,2017:03:30 07:31:59,IMG_4660.JPG
603,2017:03:30 09:31:59,IMG_4661.JPG
604,2017:03:30 11:31:58,IMG_4662.JPG
605,2017:03:30 13:31:58,IMG_4663.JPG
606,2017:03:30 15:31:58,IMG_4664.JPG
607,2017:03:30 17:31:58,IMG_4665.JPG
608,2017:03:31 07:31:56,IMG_4667.JPG
609,2017:03:31 09:31:55,IMG_4668.JPG
610,2017:03:31 11:31:55,IMG_4669.JPG
611,2017:03:31 13:31:55,IMG_4670.JPG
612,2017:03:31 15:31:54,IMG_4671.JPG
613,2017:03:31 17:31:54,IMG_4672.JPG
614,2017:04:01 05:31:52,IMG_4673.JPG
615,2017:04:01 07:31:52,IMG_4674.JPG
616,2017:04:01 09:31:52,IMG_4675.JPG
617,2017:04:01 11:31:52,IMG_4676.JPG
618,2017:04:01 13:31:51,IMG_4677.JPG
619,2017:04:01 15:31:51,IMG_4678.JPG
620,2017:04:01 17:31:51,IMG_4679.JPG
621,2017:04:02 05:31:49,IMG_4680.JPG
622,2017:04:02 07:31:49,IMG_4681.JPG
623,2017:04:02 09:31:49,IMG_4682.JPG
624,2017:04:02 11:31:48,IMG_4683.JPG
625,2017:04:02 13:31:48,IMG_4684.JPG
626,2017:04:02 15:31:48,IMG_4685.JPG
627,2017:04:02 17:31:47,IMG_4686.JPG
628,2017:04:03 09:31:45,IMG_4689.JPG
629,2017:04:03 11:31:45,IMG_4690.JPG
630,2017:04:03 13:31:45,IMG_4691.JPG
631,2017:04:03 15:31:44,IMG_4692.JPG
632,2017:04:03 17:31:44,IMG_4693.JPG
633,2017:04:04 05:31:42,IMG_4694.JPG
634,2017:04:04 07:31:42,IMG_4695.JPG
635,2017:04:04 09:31:42,IMG_4696.JPG
636,2017:04:04 11:31:42,IMG_4697.JPG
637,2017:04:04 13:31:41,IMG_4698.JPG
638,2017:04:04 15:31:41,IMG_4699.JPG
639,2017:04:04 17:31:41,IMG_4700.JPG
640,2017:04:05 05:31:39,IMG_4701.JPG
641,2017:04:05 07:31:39,IMG_4702.JPG
642,2017:04:05 09:31:38,IMG_4703.JPG
643,2017:04:05 11:31:38,IMG_4704.JPG
644,2017:04:05 13:31:38,IMG_4705.JPG
645,2017:04:05 15:31:38,IMG_4706.JPG
646,2017:04:05 17:31:37,IMG_4707.JPG
647,2017:04:06 05:31:36,IMG_4708.JPG
648,2017:04:06 07:31:35,IMG_4709.JPG
649,2017:04:06 09:31:35,IMG_4710.JPG
650,2017:04:06 11:31:35,IMG_4711.JPG
651,2017:04:06 13:31:34,IMG_4712.JPG
652,2017:04:06 15:31:34,IMG_4713.JPG
653,2017:04:06 17:31:34,IMG_4714.JPG
654,2017:04:07 05:31:32,IMG_4715.JPG
655,2017:04:07 07:31:32,IMG_4716.JPG
656,2017:04:07 09:31:32,IMG_4717.JPG
657,2017:04:07 11:31:31,IMG_4718.JPG
658,2017:04:07 13:31:31,IMG_4719.JPG
659,2017:04:07 15:31:31,IMG_4720.JPG
