	time	file	height
0	2016:11:17 11:39:58	IMG_3973.JPG	365
1	2016:11:17 13:39:57	IMG_3974.JPG	395
2	2016:11:17 15:39:57	IMG_3975.JPG	391
3	2016:11:18 09:39:55	IMG_3977.JPG	395
4	2016:11:18 11:39:54	IMG_3978.JPG	390
5	2016:11:18 13:39:54	IMG_3979.JPG	390
6	2016:11:19 09:39:51	IMG_3982.JPG	394
7	2016:11:19 11:39:51	IMG_3983.JPG	394
8	2016:11:19 15:39:50	IMG_3986.JPG	390
9	2016:11:20 07:39:48	IMG_3987.JPG	391
10	2016:11:20 09:39:48	IMG_3988.JPG	391
11	2016:11:20 11:39:47	IMG_3989.JPG	391
12	2016:11:20 13:39:47	IMG_3990.JPG	391
13	2016:11:20 15:39:47	IMG_3991.JPG	390
14	2016:11:21 07:39:45	IMG_3992.JPG	390
15	2016:11:21 09:39:44	IMG_3993.JPG	395
16	2016:11:21 11:39:44	IMG_3994.JPG	395
17	2016:11:21 13:39:44	IMG_3995.JPG	390
18	2016:11:21 15:39:44	IMG_3996.JPG	390
19	2016:11:22 07:39:41	IMG_3997.JPG	390
20	2016:11:22 09:39:41	IMG_3998.JPG	395
21	2016:11:22 11:39:41	IMG_3999.JPG	394
22	2016:11:22 13:39:40	IMG_4000.JPG	394
23	2016:11:22 15:39:40	IMG_4001.JPG	396
24	2016:11:23 07:39:38	IMG_4002.JPG	396
25	2016:11:23 09:39:38	IMG_4003.JPG	400
26	2016:11:23 11:39:37	IMG_4004.JPG	407
27	2016:11:23 13:39:37	IMG_4005.JPG	407
28	2016:11:23 15:39:37	IMG_4006.JPG	407
29	2016:11:24 07:39:35	IMG_4007.JPG	407
30	2016:11:24 09:39:34	IMG_4008.JPG	408
31	2016:11:24 11:39:34	IMG_4009.JPG	408
32	2016:11:24 13:39:34	IMG_4010.JPG	408
33	2016:11:24 15:39:34	IMG_4011.JPG	408
34	2016:11:25 07:39:31	IMG_4012.JPG	408
35	2016:11:25 09:39:31	IMG_4013.JPG	413
36	2016:11:25 11:39:31	IMG_4014.JPG	408
37	2016:11:25 13:39:30	IMG_4015.JPG	408
38	2016:11:25 15:39:30	IMG_4016.JPG	408
39	2016:11:26 07:39:28	IMG_4017.JPG	408
40	2016:11:26 09:39:28	IMG_4018.JPG	413
41	2016:11:26 11:39:27	IMG_4019.JPG	413
42	2016:11:26 13:39:27	IMG_4020.JPG	413
43	2016:11:26 15:39:27	IMG_4021.JPG	410
44	2016:11:27 07:39:25	IMG_4022.JPG	410
45	2016:11:27 09:39:24	IMG_4023.JPG	410
46	2016:11:29 11:39:17	IMG_4034.JPG	410
47	2016:11:29 13:39:16	IMG_4035.JPG	399
48	2016:11:30 11:39:13	IMG_4039.JPG	399
49	2016:12:01 07:39:10	IMG_4042.JPG	399
50	2016:12:01 09:39:07	IMG_4043.JPG	400
51	2016:12:01 11:39:09	IMG_4044.JPG	400
52	2016:12:01 13:39:09	IMG_4045.JPG	400
53	2016:12:01 15:39:09	IMG_4046.JPG	400
54	2016:12:02 07:39:06	IMG_4047.JPG	400
55	2016:12:02 09:39:06	IMG_4048.JPG	400
56	2016:12:02 11:39:06	IMG_4049.JPG	400
57	2016:12:02 13:39:05	IMG_4050.JPG	400
58	2016:12:02 15:39:05	IMG_4051.JPG	393
59	2016:12:03 07:39:03	IMG_4052.JPG	393
60	2016:12:03 09:39:02	IMG_4053.JPG	393
61	2016:12:03 11:39:02	IMG_4054.JPG	393
62	2016:12:03 13:39:02	IMG_4055.JPG	393
63	2016:12:03 15:39:01	IMG_4056.JPG	385
64	2016:12:04 07:38:59	IMG_4057.JPG	385
65	2016:12:04 09:38:59	IMG_4058.JPG	377
66	2016:12:04 11:38:58	IMG_4059.JPG	383
67	2016:12:04 13:38:58	IMG_4060.JPG	383
68	2016:12:04 15:38:58	IMG_4061.JPG	378
69	2016:12:05 07:38:55	IMG_4062.JPG	376
70	2016:12:05 09:38:55	IMG_4063.JPG	376
71	2016:12:05 11:38:53	IMG_4064.JPG	385
72	2016:12:05 13:38:51	IMG_4065.JPG	385
73	2016:12:05 13:38:54	IMG_4066.JPG	385
74	2016:12:05 15:38:53	IMG_4067.JPG	385
75	2016:12:06 07:38:51	IMG_4068.JPG	380
76	2016:12:06 09:38:51	IMG_4069.JPG	385
77	2016:12:06 11:38:50	IMG_4070.JPG	385
78	2016:12:06 13:38:50	IMG_4071.JPG	385
79	2016:12:06 15:38:47	IMG_4072.JPG	385
80	2016:12:06 15:38:50	IMG_4073.JPG	385
81	2016:12:07 07:38:47	IMG_4074.JPG	385
82	2016:12:07 09:38:47	IMG_4075.JPG	385
83	2016:12:07 11:38:47	IMG_4076.JPG	385
84	2016:12:07 13:38:47	IMG_4077.JPG	371
85	2016:12:07 15:38:46	IMG_4078.JPG	371
86	2016:12:08 07:38:44	IMG_4079.JPG	371
87	2016:12:08 09:38:44	IMG_4080.JPG	371
88	2016:12:08 11:38:43	IMG_4081.JPG	371
89	2016:12:08 15:38:42	IMG_4082.JPG	371
90	2016:12:09 07:38:39	IMG_4083.JPG	371
91	2016:12:09 09:38:39	IMG_4084.JPG	371
92	2016:12:09 11:38:40	IMG_4085.JPG	371
93	2016:12:09 13:38:39	IMG_4086.JPG	371
94	2016:12:09 15:38:39	IMG_4087.JPG	371
95	2016:12:10 07:38:37	IMG_4088.JPG	365
96	2016:12:10 09:38:35	IMG_4089.JPG	365
97	2016:12:10 11:38:36	IMG_4090.JPG	365
98	2016:12:10 13:38:36	IMG_4091.JPG	365
99	2016:12:10 15:38:35	IMG_4092.JPG	365
100	2016:12:11 09:38:32	IMG_4093.JPG	365
101	2016:12:11 11:38:32	IMG_4094.JPG	365
102	2016:12:11 13:38:31	IMG_4095.JPG	365
103	2016:12:12 07:38:29	IMG_4096.JPG	332
104	2016:12:12 11:38:28	IMG_4097.JPG	332
105	2016:12:12 13:38:28	IMG_4098.JPG	332
106	2016:12:13 07:38:25	IMG_4099.JPG	332
107	2016:12:13 09:38:24	IMG_4100.JPG	332
108	2016:12:13 11:38:25	IMG_4101.JPG	332
109	2016:12:13 13:38:25	IMG_4102.JPG	332
110	2016:12:13 15:38:23	IMG_4103.JPG	332
111	2016:12:14 07:38:21	IMG_4104.JPG	332
112	2016:12:14 09:38:21	IMG_4105.JPG	332
113	2016:12:14 11:38:21	IMG_4106.JPG	341
114	2016:12:14 13:38:20	IMG_4107.JPG	341
115	2016:12:14 15:38:21	IMG_4108.JPG	341
116	2016:12:15 07:38:17	IMG_4109.JPG	341
117	2016:12:15 09:38:17	IMG_4110.JPG	341
118	2016:12:15 11:38:18	IMG_4111.JPG	341
119	2016:12:15 13:38:16	IMG_4112.JPG	341
120	2016:12:16 07:38:14	IMG_4113.JPG	341
121	2016:12:16 09:38:13	IMG_4114.JPG	341
122	2016:12:16 11:38:13	IMG_4115.JPG	341
123	2016:12:16 13:38:14	IMG_4116.JPG	341
124	2016:12:16 15:38:12	IMG_4117.JPG	341
125	2016:12:17 07:38:10	IMG_4118.JPG	341
126	2016:12:17 09:38:10	IMG_4119.JPG	341
127	2016:12:17 11:38:09	IMG_4120.JPG	341
128	2016:12:17 13:38:09	IMG_4121.JPG	341
129	2016:12:17 15:38:09	IMG_4122.JPG	327
130	2016:12:18 07:38:06	IMG_4123.JPG	318
131	2016:12:18 09:38:06	IMG_4124.JPG	318
132	2016:12:18 11:38:06	IMG_4125.JPG	318
133	2016:12:18 13:38:05	IMG_4126.JPG	318
134	2016:12:18 15:38:05	IMG_4127.JPG	318
135	2016:12:19 07:38:02	IMG_4128.JPG	318
136	2016:12:19 09:38:02	IMG_4129.JPG	318
137	2016:12:19 11:38:02	IMG_4130.JPG	300
138	2016:12:19 13:38:02	IMG_4131.JPG	295
139	2016:12:19 15:38:01	IMG_4132.JPG	295
140	2016:12:20 07:37:59	IMG_4133.JPG	282
141	2016:12:20 09:37:59	IMG_4134.JPG	287
142	2016:12:20 11:37:58	IMG_4135.JPG	287
143	2016:12:20 13:37:58	IMG_4136.JPG	287
144	2016:12:20 15:37:58	IMG_4137.JPG	287
145	2016:12:21 07:37:55	IMG_4138.JPG	287
146	2016:12:21 09:37:55	IMG_4139.JPG	287
147	2016:12:21 11:37:54	IMG_4140.JPG	287
148	2016:12:21 13:37:54	IMG_4141.JPG	294
149	2016:12:21 15:37:54	IMG_4142.JPG	294
150	2016:12:22 13:37:51	IMG_4146.JPG	294
151	2016:12:22 15:37:50	IMG_4147.JPG	294
152	2016:12:23 11:37:47	IMG_4150.JPG	294
153	2016:12:23 13:37:47	IMG_4151.JPG	294
154	2016:12:23 15:37:47	IMG_4152.JPG	294
155	2016:12:24 07:37:44	IMG_4153.JPG	294
156	2016:12:24 09:37:44	IMG_4154.JPG	294
157	2016:12:24 11:37:44	IMG_4155.JPG	294
158	2016:12:24 13:37:43	IMG_4156.JPG	294
159	2016:12:24 15:37:43	IMG_4157.JPG	294
160	2016:12:25 07:37:41	IMG_4158.JPG	294
161	2016:12:25 09:37:40	IMG_4159.JPG	294
162	2016:12:25 11:37:40	IMG_4160.JPG	294
163	2016:12:25 13:37:40	IMG_4161.JPG	294
164	2016:12:25 15:37:39	IMG_4162.JPG	294
165	2016:12:26 07:37:37	IMG_4163.JPG	294
166	2016:12:26 09:37:37	IMG_4164.JPG	294
167	2016:12:26 11:37:36	IMG_4165.JPG	294
168	2016:12:26 13:37:36	IMG_4166.JPG	294
169	2016:12:26 15:37:36	IMG_4167.JPG	294
170	2016:12:27 07:37:34	IMG_4168.JPG	294
171	2016:12:27 09:37:33	IMG_4169.JPG	294
172	2016:12:27 11:37:33	IMG_4170.JPG	294
173	2016:12:27 13:37:33	IMG_4171.JPG	294
174	2016:12:27 15:37:32	IMG_4172.JPG	294
175	2016:12:28 07:37:30	IMG_4173.JPG	294
176	2016:12:28 09:37:30	IMG_4174.JPG	294
177	2016:12:28 11:37:29	IMG_4175.JPG	294
178	2016:12:28 13:37:29	IMG_4176.JPG	294
179	2016:12:28 15:37:29	IMG_4177.JPG	294
180	2016:12:29 07:37:26	IMG_4178.JPG	294
181	2016:12:29 09:37:26	IMG_4179.JPG	294
182	2016:12:29 11:37:26	IMG_4180.JPG	294
183	2016:12:29 13:37:25	IMG_4181.JPG	294
184	2016:12:29 15:37:25	IMG_4182.JPG	294
185	2016:12:30 07:37:22	IMG_4183.JPG	294
186	2016:12:30 09:37:22	IMG_4184.JPG	294
187	2016:12:30 11:37:22	IMG_4185.JPG	294
188	2016:12:30 13:37:22	IMG_4186.JPG	294
189	2016:12:30 15:37:21	IMG_4187.JPG	294
190	2016:12:31 07:37:19	IMG_4188.JPG	294
191	2016:12:31 09:37:18	IMG_4189.JPG	294
192	2016:12:31 11:37:18	IMG_4190.JPG	294
193	2016:12:31 13:37:18	IMG_4191.JPG	294
194	2016:12:31 15:37:18	IMG_4192.JPG	294
195	2017:01:01 11:37:14	IMG_4195.JPG	294
196	2017:01:01 13:37:14	IMG_4196.JPG	294
197	2017:01:01 15:37:14	IMG_4197.JPG	294
198	2017:01:02 11:37:11	IMG_4200.JPG	294
199	2017:01:02 13:37:10	IMG_4201.JPG	294
200	2017:01:02 15:37:10	IMG_4202.JPG	294
201	2017:01:03 07:37:08	IMG_4203.JPG	294
202	2017:01:03 09:37:07	IMG_4204.JPG	294
203	2017:01:03 11:37:07	IMG_4205.JPG	294
204	2017:01:03 13:37:07	IMG_4206.JPG	294
205	2017:01:03 15:37:06	IMG_4207.JPG	294
206	2017:01:04 07:37:04	IMG_4208.JPG	294
207	2017:01:04 09:37:04	IMG_4209.JPG	294
208	2017:01:04 11:37:03	IMG_4210.JPG	294
209	2017:01:04 13:37:03	IMG_4211.JPG	294
210	2017:01:04 15:37:03	IMG_4212.JPG	294
211	2017:01:05 09:37:00	IMG_4214.JPG	294
212	2017:01:06 07:36:57	IMG_4218.JPG	294
213	2017:01:06 09:36:56	IMG_4219.JPG	294
214	2017:01:06 11:36:56	IMG_4220.JPG	294
215	2017:01:06 13:36:56	IMG_4221.JPG	294
216	2017:01:06 15:36:55	IMG_4222.JPG	294
217	2017:01:07 09:36:52	IMG_4224.JPG	294
218	2017:01:07 11:36:52	IMG_4225.JPG	294
219	2017:01:07 13:36:51	IMG_4226.JPG	294
220	2017:01:07 15:36:51	IMG_4227.JPG	294
221	2017:01:08 07:36:49	IMG_4228.JPG	294
222	2017:01:08 09:36:49	IMG_4229.JPG	294
223	2017:01:08 11:36:48	IMG_4230.JPG	294
224	2017:01:08 13:36:48	IMG_4231.JPG	294
225	2017:01:08 15:36:48	IMG_4232.JPG	294
226	2017:01:09 07:36:45	IMG_4233.JPG	294
227	2017:01:09 09:36:45	IMG_4234.JPG	294
228	2017:01:09 11:36:44	IMG_4235.JPG	294
229	2017:01:09 13:36:44	IMG_4236.JPG	294
230	2017:01:09 15:36:44	IMG_4237.JPG	294
231	2017:01:10 07:36:41	IMG_4238.JPG	294
232	2017:01:10 09:36:41	IMG_4239.JPG	294
233	2017:01:10 11:36:41	IMG_4240.JPG	294
234	2017:01:10 13:36:40	IMG_4241.JPG	294
235	2017:01:10 15:36:40	IMG_4242.JPG	294
236	2017:01:11 07:36:37	IMG_4243.JPG	294
237	2017:01:11 09:36:37	IMG_4244.JPG	294
238	2017:01:11 11:36:37	IMG_4245.JPG	294
239	2017:01:11 13:36:37	IMG_4246.JPG	294
240	2017:01:11 15:36:36	IMG_4247.JPG	294
241	2017:01:12 07:36:34	IMG_4248.JPG	294
242	2017:01:12 09:36:34	IMG_4249.JPG	294
243	2017:01:12 11:36:33	IMG_4250.JPG	294
244	2017:01:12 13:36:33	IMG_4251.JPG	294
245	2017:01:12 15:36:33	IMG_4252.JPG	293
246	2017:01:13 13:36:29	IMG_4256.JPG	293
247	2017:01:13 15:36:29	IMG_4257.JPG	293
248	2017:01:14 07:36:27	IMG_4258.JPG	293
249	2017:01:14 09:36:26	IMG_4259.JPG	293
250	2017:01:14 11:36:26	IMG_4260.JPG	293
251	2017:01:14 13:36:26	IMG_4261.JPG	293
252	2017:01:14 15:36:25	IMG_4262.JPG	293
253	2017:01:15 07:36:23	IMG_4263.JPG	293
254	2017:01:15 09:36:23	IMG_4264.JPG	293
255	2017:01:15 11:36:22	IMG_4265.JPG	293
256	2017:01:15 13:36:22	IMG_4266.JPG	293
257	2017:01:15 15:36:22	IMG_4267.JPG	293
258	2017:01:16 07:36:19	IMG_4268.JPG	293
259	2017:01:16 09:36:19	IMG_4269.JPG	293
260	2017:01:16 11:36:18	IMG_4270.JPG	293
261	2017:01:16 13:36:18	IMG_4271.JPG	293
262	2017:01:16 15:36:18	IMG_4272.JPG	293
263	2017:01:17 07:36:15	IMG_4273.JPG	293
264	2017:01:17 09:36:15	IMG_4274.JPG	293
265	2017:01:17 11:36:14	IMG_4275.JPG	293
266	2017:01:17 13:36:14	IMG_4276.JPG	293
267	2017:01:17 15:36:14	IMG_4277.JPG	293
268	2017:01:18 07:36:11	IMG_4278.JPG	293
269	2017:01:18 09:36:10	IMG_4279.JPG	293
270	2017:01:18 11:36:10	IMG_4280.JPG	293
271	2017:01:18 13:36:10	IMG_4281.JPG	293
272	2017:01:19 13:36:06	IMG_4286.JPG	293
273	2017:01:19 15:36:05	IMG_4287.JPG	293
274	2017:01:21 13:35:58	IMG_4296.JPG	293
275	2017:01:21 15:35:58	IMG_4297.JPG	293
276	2017:01:22 11:35:54	IMG_4300.JPG	293
277	2017:01:22 13:35:54	IMG_4301.JPG	293
278	2017:01:22 15:35:54	IMG_4302.JPG	293
279	2017:01:23 11:35:50	IMG_4305.JPG	293
280	2017:01:23 13:35:50	IMG_4306.JPG	293
281	2017:01:23 15:35:50	IMG_4307.JPG	293
282	2017:01:24 11:35:46	IMG_4310.JPG	293
283	2017:01:24 13:35:46	IMG_4311.JPG	293
284	2017:01:25 09:35:43	IMG_4314.JPG	293
285	2017:01:25 11:35:42	IMG_4315.JPG	293
286	2017:01:25 13:35:42	IMG_4316.JPG	293
287	2017:01:25 15:35:42	IMG_4317.JPG	293
288	2017:01:26 11:35:39	IMG_4320.JPG	293
289	2017:01:26 13:35:38	IMG_4321.JPG	293
290	2017:01:26 15:35:38	IMG_4322.JPG	293
291	2017:01:27 09:35:35	IMG_4324.JPG	291
292	2017:01:27 11:35:35	IMG_4325.JPG	290
293	2017:01:27 13:35:35	IMG_4326.JPG	290
294	2017:01:27 15:35:34	IMG_4327.JPG	290
295	2017:01:28 07:35:32	IMG_4328.JPG	290
296	2017:01:28 09:35:32	IMG_4329.JPG	290
297	2017:01:28 11:35:31	IMG_4330.JPG	290
298	2017:01:28 13:35:31	IMG_4331.JPG	290
299	2017:01:28 15:35:31	IMG_4332.JPG	290
300	2017:01:29 11:35:28	IMG_4335.JPG	290
301	2017:01:29 13:35:27	IMG_4336.JPG	290
302	2017:01:29 15:35:27	IMG_4337.JPG	290
303	2017:01:30 07:35:24	IMG_4338.JPG	290
304	2017:01:30 09:35:24	IMG_4339.JPG	290
305	2017:01:30 11:35:24	IMG_4340.JPG	290
306	2017:01:30 13:35:24	IMG_4341.JPG	290
307	2017:01:30 15:35:23	IMG_4342.JPG	290
308	2017:01:31 07:35:21	IMG_4343.JPG	290
309	2017:01:31 09:35:21	IMG_4344.JPG	290
310	2017:01:31 11:35:20	IMG_4345.JPG	290
311	2017:01:31 13:35:20	IMG_4346.JPG	290
312	2017:01:31 15:35:20	IMG_4347.JPG	290
313	2017:02:01 09:35:17	IMG_4349.JPG	290
314	2017:02:01 11:35:17	IMG_4350.JPG	290
315	2017:02:01 13:35:17	IMG_4351.JPG	290
316	2017:02:01 15:35:16	IMG_4352.JPG	290
317	2017:02:02 07:35:14	IMG_4353.JPG	290
318	2017:02:02 09:35:14	IMG_4354.JPG	290
319	2017:02:02 11:35:14	IMG_4355.JPG	290
320	2017:02:02 13:35:13	IMG_4356.JPG	290
321	2017:02:02 15:35:13	IMG_4357.JPG	290
322	2017:02:03 07:35:11	IMG_4358.JPG	290
323	2017:02:03 09:35:10	IMG_4359.JPG	290
324	2017:02:03 13:35:10	IMG_4361.JPG	290
325	2017:02:03 15:35:10	IMG_4362.JPG	290
326	2017:02:04 07:35:07	IMG_4363.JPG	290
327	2017:02:04 09:35:07	IMG_4364.JPG	290
328	2017:02:04 11:35:07	IMG_4365.JPG	290
329	2017:02:04 13:35:06	IMG_4366.JPG	290
330	2017:02:04 15:35:06	IMG_4367.JPG	290
331	2017:02:05 09:35:03	IMG_4369.JPG	290
332	2017:02:05 11:35:03	IMG_4370.JPG	290
333	2017:02:05 13:35:03	IMG_4371.JPG	290
334	2017:02:05 15:35:02	IMG_4372.JPG	285
335	2017:02:06 09:35:00	IMG_4374.JPG	285
336	2017:02:06 11:34:59	IMG_4375.JPG	285
337	2017:02:06 13:34:59	IMG_4376.JPG	285
338	2017:02:06 15:34:59	IMG_4377.JPG	285
339	2017:02:07 07:34:56	IMG_4378.JPG	280
340	2017:02:07 09:34:56	IMG_4379.JPG	280
341	2017:02:07 11:34:56	IMG_4380.JPG	287
342	2017:02:07 13:34:55	IMG_4381.JPG	287
343	2017:02:07 15:34:55	IMG_4382.JPG	287
344	2017:02:08 07:34:53	IMG_4383.JPG	287
345	2017:02:08 09:34:52	IMG_4384.JPG	287
346	2017:02:08 11:34:52	IMG_4385.JPG	287
347	2017:02:08 13:34:52	IMG_4386.JPG	287
348	2017:02:08 15:34:52	IMG_4387.JPG	287
349	2017:02:09 07:34:49	IMG_4388.JPG	287
350	2017:02:09 09:34:49	IMG_4389.JPG	287
351	2017:02:09 11:34:49	IMG_4390.JPG	287
352	2017:02:09 13:34:49	IMG_4391.JPG	287
353	2017:02:09 15:34:48	IMG_4392.JPG	287
354	2017:02:10 07:34:46	IMG_4393.JPG	287
355	2017:02:10 09:34:45	IMG_4394.JPG	287
356	2017:02:10 11:34:45	IMG_4395.JPG	287
357	2017:02:11 13:34:41	IMG_4401.JPG	287
358	2017:02:11 15:34:41	IMG_4402.JPG	287
359	2017:02:12 09:34:38	IMG_4404.JPG	287
360	2017:02:12 11:34:38	IMG_4405.JPG	287
361	2017:02:12 13:34:38	IMG_4406.JPG	287
362	2017:02:12 15:34:37	IMG_4407.JPG	287
363	2017:02:13 11:34:34	IMG_4410.JPG	287
364	2017:02:13 13:34:34	IMG_4411.JPG	287
365	2017:02:13 15:34:34	IMG_4412.JPG	287
366	2017:02:14 07:34:31	IMG_4413.JPG	287
367	2017:02:14 09:34:31	IMG_4414.JPG	287
368	2017:02:14 11:34:31	IMG_4415.JPG	292
369	2017:02:14 13:34:30	IMG_4416.JPG	286
370	2017:02:14 15:34:30	IMG_4417.JPG	286
371	2017:02:15 07:34:28	IMG_4418.JPG	286
372	2017:02:15 09:34:27	IMG_4419.JPG	286
373	2017:02:15 11:34:27	IMG_4420.JPG	292
374	2017:02:15 13:34:27	IMG_4421.JPG	290
375	2017:02:15 15:34:26	IMG_4422.JPG	290
376	2017:02:16 07:34:24	IMG_4423.JPG	290
377	2017:02:16 09:34:24	IMG_4424.JPG	290
378	2017:02:16 11:34:23	IMG_4425.JPG	292
379	2017:02:16 13:34:23	IMG_4426.JPG	292
380	2017:02:16 15:34:23	IMG_4427.JPG	292
381	2017:02:17 07:34:20	IMG_4428.JPG	285
382	2017:02:17 09:34:20	IMG_4429.JPG	293
383	2017:02:17 11:34:20	IMG_4430.JPG	293
384	2017:02:17 13:34:19	IMG_4431.JPG	289
385	2017:02:18 11:34:16	IMG_4435.JPG	293
386	2017:02:18 13:34:16	IMG_4436.JPG	293
387	2017:02:18 15:34:16	IMG_4437.JPG	293
388	2017:02:19 07:34:13	IMG_4438.JPG	293
389	2017:02:19 11:34:12	IMG_4440.JPG	293
390	2017:02:19 13:34:12	IMG_4441.JPG	293
391	2017:02:19 15:34:12	IMG_4442.JPG	293
392	2017:02:20 07:34:09	IMG_4443.JPG	288
393	2017:02:20 09:34:09	IMG_4444.JPG	288
394	2017:02:20 11:34:09	IMG_4445.JPG	294
395	2017:02:20 13:34:08	IMG_4446.JPG	294
396	2017:02:20 15:34:08	IMG_4447.JPG	289
397	2017:02:21 07:34:06	IMG_4448.JPG	289
398	2017:02:21 09:34:05	IMG_4449.JPG	293
399	2017:02:21 11:34:05	IMG_4450.JPG	293
400	2017:02:21 13:34:05	IMG_4451.JPG	293
401	2017:02:21 15:34:05	IMG_4452.JPG	293
402	2017:02:22 07:34:02	IMG_4453.JPG	286
403	2017:02:22 09:34:02	IMG_4454.JPG	294
404	2017:02:22 11:34:02	IMG_4455.JPG	294
405	2017:02:22 13:34:02	IMG_4456.JPG	294
406	2017:02:22 15:34:01	IMG_4457.JPG	290
407	2017:02:23 07:33:59	IMG_4458.JPG	290
408	2017:02:23 09:33:59	IMG_4459.JPG	296
409	2017:02:23 11:33:58	IMG_4460.JPG	296
410	2017:02:23 13:33:58	IMG_4461.JPG	290
411	2017:02:23 15:33:58	IMG_4462.JPG	290
412	2017:02:24 07:33:56	IMG_4463.JPG	290
413	2017:02:24 09:33:55	IMG_4464.JPG	290
414	2017:02:24 11:33:55	IMG_4465.JPG	290
415	2017:02:24 13:33:55	IMG_4466.JPG	290
416	2017:02:24 15:33:54	IMG_4467.JPG	290
417	2017:02:25 07:33:52	IMG_4468.JPG	290
418	2017:02:25 09:33:52	IMG_4469.JPG	290
419	2017:02:25 11:33:51	IMG_4470.JPG	290
420	2017:02:25 13:33:51	IMG_4471.JPG	290
421	2017:02:25 15:33:51	IMG_4472.JPG	290
422	2017:02:26 07:33:48	IMG_4473.JPG	290
423	2017:02:26 09:33:48	IMG_4474.JPG	290
424	2017:02:26 11:33:48	IMG_4475.JPG	290
425	2017:02:26 13:33:47	IMG_4476.JPG	290
426	2017:02:26 15:33:47	IMG_4477.JPG	290
427	2017:02:27 07:33:45	IMG_4478.JPG	290
428	2017:02:27 09:33:45	IMG_4479.JPG	290
429	2017:02:27 11:33:44	IMG_4480.JPG	290
430	2017:02:27 13:33:44	IMG_4481.JPG	290
431	2017:02:27 15:33:44	IMG_4482.JPG	290
432	2017:02:28 07:33:41	IMG_4483.JPG	299
433	2017:02:28 09:33:41	IMG_4484.JPG	299
434	2017:02:28 11:33:41	IMG_4485.JPG	299
435	2017:02:28 13:33:41	IMG_4486.JPG	299
436	2017:02:28 15:33:40	IMG_4487.JPG	299
437	2017:03:01 09:33:38	IMG_4489.JPG	299
438	2017:03:01 11:33:37	IMG_4490.JPG	299
439	2017:03:01 13:33:37	IMG_4491.JPG	299
440	2017:03:01 15:33:37	IMG_4492.JPG	299
441	2017:03:02 07:33:35	IMG_4493.JPG	299
442	2017:03:02 09:33:34	IMG_4494.JPG	299
443	2017:03:02 11:33:34	IMG_4495.JPG	299
444	2017:03:02 13:33:34	IMG_4496.JPG	299
445	2017:03:02 15:33:33	IMG_4497.JPG	299
446	2017:03:03 07:33:31	IMG_4498.JPG	299
447	2017:03:03 09:33:31	IMG_4499.JPG	299
448	2017:03:03 11:33:30	IMG_4500.JPG	299
449	2017:03:03 13:33:30	IMG_4501.JPG	299
450	2017:03:03 15:33:30	IMG_4502.JPG	299
451	2017:03:04 07:33:28	IMG_4503.JPG	299
452	2017:03:04 09:33:27	IMG_4504.JPG	299
453	2017:03:04 11:33:27	IMG_4505.JPG	299
454	2017:03:05 09:33:24	IMG_4509.JPG	307
455	2017:03:05 11:33:24	IMG_4510.JPG	307
456	2017:03:05 13:33:23	IMG_4511.JPG	307
457	2017:03:05 15:33:23	IMG_4512.JPG	307
458	2017:03:06 09:33:21	IMG_4514.JPG	307
459	2017:03:06 11:33:20	IMG_4515.JPG	307
460	2017:03:06 13:33:20	IMG_4516.JPG	307
461	2017:03:06 15:33:20	IMG_4517.JPG	307
462	2017:03:07 07:33:17	IMG_4518.JPG	307
463	2017:03:07 09:33:17	IMG_4519.JPG	307
464	2017:03:07 11:33:17	IMG_4520.JPG	307
465	2017:03:07 13:33:17	IMG_4521.JPG	307
466	2017:03:07 15:33:16	IMG_4522.JPG	307
467	2017:03:08 07:33:14	IMG_4523.JPG	307
468	2017:03:08 09:33:14	IMG_4524.JPG	307
469	2017:03:08 11:33:13	IMG_4525.JPG	307
470	2017:03:08 13:33:13	IMG_4526.JPG	307
471	2017:03:08 15:33:13	IMG_4527.JPG	307
472	2017:03:09 07:33:10	IMG_4528.JPG	307
473	2017:03:09 09:33:10	IMG_4529.JPG	307
474	2017:03:09 11:33:10	IMG_4530.JPG	307
475	2017:03:09 13:33:10	IMG_4531.JPG	307
476	2017:03:09 15:33:09	IMG_4532.JPG	307
477	2017:03:10 07:33:07	IMG_4533.JPG	307
478	2017:03:10 09:33:07	IMG_4534.JPG	307
479	2017:03:10 11:33:07	IMG_4535.JPG	307
480	2017:03:10 13:33:06	IMG_4536.JPG	307
481	2017:03:11 07:33:04	IMG_4538.JPG	307
482	2017:03:11 09:33:03	IMG_4539.JPG	307
483	2017:03:11 11:33:03	IMG_4540.JPG	307
484	2017:03:11 13:33:03	IMG_4541.JPG	307
485	2017:03:11 15:33:02	IMG_4542.JPG	307
486	2017:03:12 07:33:00	IMG_4543.JPG	307
487	2017:03:12 09:33:00	IMG_4544.JPG	307
488	2017:03:12 11:33:00	IMG_4545.JPG	307
489	2017:03:12 13:32:59	IMG_4546.JPG	307
490	2017:03:12 15:32:59	IMG_4547.JPG	307
491	2017:03:13 07:32:57	IMG_4548.JPG	307
492	2017:03:13 09:32:56	IMG_4549.JPG	307
493	2017:03:13 11:32:56	IMG_4550.JPG	307
494	2017:03:13 13:32:56	IMG_4551.JPG	307
495	2017:03:13 15:32:56	IMG_4552.JPG	307
496	2017:03:14 07:32:53	IMG_4553.JPG	307
497	2017:03:14 09:32:53	IMG_4554.JPG	307
498	2017:03:14 11:32:53	IMG_4555.JPG	307
499	2017:03:14 13:32:52	IMG_4556.JPG	307
500	2017:03:14 15:32:52	IMG_4557.JPG	313
501	2017:03:15 05:32:50	IMG_4558.JPG	309
502	2017:03:15 07:32:50	IMG_4559.JPG	313
503	2017:03:15 09:32:49	IMG_4560.JPG	313
504	2017:03:15 11:32:49	IMG_4561.JPG	313
505	2017:03:15 13:32:49	IMG_4562.JPG	313
506	2017:03:15 15:32:49	IMG_4563.JPG	313
507	2017:03:15 17:32:48	IMG_4564.JPG	313
508	2017:03:16 09:32:46	IMG_4566.JPG	313
509	2017:03:16 11:32:46	IMG_4567.JPG	313
510	2017:03:16 13:32:45	IMG_4568.JPG	313
511	2017:03:16 15:32:45	IMG_4569.JPG	313
512	2017:03:17 09:32:42	IMG_4572.JPG	313
513	2017:03:17 11:32:42	IMG_4573.JPG	313
514	2017:03:17 15:32:42	IMG_4575.JPG	313
515	2017:03:17 17:32:41	IMG_4576.JPG	313
516	2017:03:18 05:32:40	IMG_4577.JPG	313
517	2017:03:18 07:32:39	IMG_4578.JPG	313
518	2017:03:18 09:32:39	IMG_4579.JPG	313
519	2017:03:18 11:32:39	IMG_4580.JPG	313
520	2017:03:18 13:32:39	IMG_4581.JPG	313
521	2017:03:18 15:32:38	IMG_4582.JPG	313
522	2017:03:19 05:32:36	IMG_4583.JPG	313
523	2017:03:19 07:32:36	IMG_4584.JPG	313
524	2017:03:19 09:32:36	IMG_4585.JPG	313
525	2017:03:19 11:32:36	IMG_4586.JPG	313
526	2017:03:19 13:32:35	IMG_4587.JPG	313
527	2017:03:19 15:32:35	IMG_4588.JPG	313
528	2017:03:19 17:32:35	IMG_4589.JPG	313
529	2017:03:20 09:32:32	IMG_4592.JPG	313
530	2017:03:20 11:32:32	IMG_4593.JPG	319
531	2017:03:20 13:32:32	IMG_4594.JPG	319
532	2017:03:20 15:32:32	IMG_4595.JPG	319
533	2017:03:20 17:32:31	IMG_4596.JPG	319
534	2017:03:21 05:32:30	IMG_4597.JPG	319
535	2017:03:21 07:32:29	IMG_4598.JPG	319
536	2017:03:21 09:32:29	IMG_4599.JPG	319
537	2017:03:21 11:32:29	IMG_4600.JPG	319
538	2017:03:21 13:32:28	IMG_4601.JPG	319
539	2017:03:21 15:32:28	IMG_4602.JPG	319
540	2017:03:21 17:32:28	IMG_4603.JPG	319
541	2017:03:22 05:32:26	IMG_4604.JPG	319
542	2017:03:22 07:32:26	IMG_4605.JPG	319
543	2017:03:22 09:32:26	IMG_4606.JPG	319
544	2017:03:22 11:32:25	IMG_4607.JPG	319
545	2017:03:22 13:32:25	IMG_4608.JPG	319
546	2017:03:22 15:32:25	IMG_4609.JPG	322
547	2017:03:22 17:32:25	IMG_4610.JPG	322
548	2017:03:23 05:32:23	IMG_4611.JPG	322
549	2017:03:23 07:32:23	IMG_4612.JPG	322
550	2017:03:23 09:32:22	IMG_4613.JPG	322
551	2017:03:23 11:32:22	IMG_4614.JPG	322
552	2017:03:23 13:32:22	IMG_4615.JPG	322
553	2017:03:23 15:32:22	IMG_4616.JPG	322
554	2017:03:24 05:32:20	IMG_4617.JPG	322
555	2017:03:24 07:32:19	IMG_4618.JPG	322
556	2017:03:24 09:32:19	IMG_4619.JPG	322
557	2017:03:24 11:32:19	IMG_4620.JPG	322
558	2017:03:24 13:32:18	IMG_4621.JPG	322
559	2017:03:24 15:32:18	IMG_4622.JPG	322
560	2017:03:24 17:32:18	IMG_4623.JPG	322
561	2017:03:25 07:32:16	IMG_4625.JPG	322
562	2017:03:25 09:32:16	IMG_4626.JPG	328
563	2017:03:25 11:32:15	IMG_4627.JPG	328
564	2017:03:25 13:32:15	IMG_4628.JPG	328
565	2017:03:25 15:32:15	IMG_4629.JPG	328
566	2017:03:25 17:32:15	IMG_4630.JPG	328
567	2017:03:26 05:32:13	IMG_4631.JPG	328
568	2017:03:26 07:32:13	IMG_4632.JPG	328
569	2017:03:26 09:32:12	IMG_4633.JPG	328
570	2017:03:26 11:32:12	IMG_4634.JPG	328
571	2017:03:26 13:32:12	IMG_4635.JPG	328
572	2017:03:26 15:32:11	IMG_4636.JPG	328
573	2017:03:26 17:32:11	IMG_4637.JPG	328
574	2017:03:27 09:32:09	IMG_4640.JPG	328
575	2017:03:27 11:32:09	IMG_4641.JPG	328
576	2017:03:27 13:32:08	IMG_4642.JPG	328
577	2017:03:27 15:32:08	IMG_4643.JPG	328
578	2017:03:27 17:32:08	IMG_4644.JPG	328
579	2017:03:28 05:32:06	IMG_4645.JPG	328
580	2017:03:28 07:32:06	IMG_4646.JPG	328
581	2017:03:28 09:32:05	IMG_4647.JPG	328
582	2017:03:28 11:32:05	IMG_4648.JPG	328
583	2017:03:28 13:32:05	IMG_4649.JPG	328
584	2017:03:28 15:32:05	IMG_4650.JPG	328
585	2017:03:28 17:32:04	IMG_4651.JPG	328
586	2017:03:29 07:32:02	IMG_4653.JPG	328
587	2017:03:29 09:32:02	IMG_4654.JPG	333
588	2017:03:29 11:32:02	IMG_4655.JPG	333
589	2017:03:29 13:32:02	IMG_4656.JPG	333
590	2017:03:29 15:32:01	IMG_4657.JPG	333
591	2017:03:29 17:32:01	IMG_4658.JPG	333
592	2017:03:30 05:31:59	IMG_4659.JPG	333
593	2017:03:30 07:31:59	IMG_4660.JPG	333
594	2017:03:30 09:31:59	IMG_4661.JPG	333
595	2017:03:30 11:31:58	IMG_4662.JPG	333
596	2017:03:30 13:31:58	IMG_4663.JPG	333
597	2017:03:30 15:31:58	IMG_4664.JPG	333
598	2017:03:30 17:31:58	IMG_4665.JPG	333
599	2017:03:31 07:31:56	IMG_4667.JPG	333
600	2017:03:31 09:31:55	IMG_4668.JPG	337
601	2017:03:31 11:31:55	IMG_4669.JPG	337
602	2017:03:31 13:31:55	IMG_4670.JPG	337
603	2017:03:31 15:31:54	IMG_4671.JPG	337
604	2017:03:31 17:31:54	IMG_4672.JPG	337
605	2017:04:01 05:31:52	IMG_4673.JPG	337
606	2017:04:01 07:31:52	IMG_4674.JPG	337
607	2017:04:01 09:31:52	IMG_4675.JPG	337
608	2017:04:01 11:31:52	IMG_4676.JPG	337
609	2017:04:01 13:31:51	IMG_4677.JPG	337
610	2017:04:01 15:31:51	IMG_4678.JPG	337
611	2017:04:01 17:31:51	IMG_4679.JPG	337
612	2017:04:02 05:31:49	IMG_4680.JPG	337
613	2017:04:02 07:31:49	IMG_4681.JPG	337
614	2017:04:02 09:31:49	IMG_4682.JPG	337
615	2017:04:02 11:31:48	IMG_4683.JPG	337
616	2017:04:02 13:31:48	IMG_4684.JPG	337
617	2017:04:02 15:31:48	IMG_4685.JPG	337
618	2017:04:02 17:31:47	IMG_4686.JPG	337
619	2017:04:03 09:31:45	IMG_4689.JPG	342
620	2017:04:03 11:31:45	IMG_4690.JPG	342
621	2017:04:03 13:31:45	IMG_4691.JPG	342
622	2017:04:03 15:31:44	IMG_4692.JPG	342
623	2017:04:03 17:31:44	IMG_4693.JPG	342
624	2017:04:04 05:31:42	IMG_4694.JPG	342
625	2017:04:04 07:31:42	IMG_4695.JPG	342
626	2017:04:04 09:31:42	IMG_4696.JPG	342
627	2017:04:04 11:31:42	IMG_4697.JPG	342
628	2017:04:04 13:31:41	IMG_4698.JPG	342
629	2017:04:04 15:31:41	IMG_4699.JPG	342
630	2017:04:04 17:31:41	IMG_4700.JPG	342
631	2017:04:05 05:31:39	IMG_4701.JPG	342
632	2017:04:05 07:31:39	IMG_4702.JPG	342
633	2017:04:05 09:31:38	IMG_4703.JPG	342
634	2017:04:05 11:31:38	IMG_4704.JPG	342
635	2017:04:05 13:31:38	IMG_4705.JPG	342
636	2017:04:05 15:31:38	IMG_4706.JPG	342
637	2017:04:05 17:31:37	IMG_4707.JPG	342
638	2017:04:06 05:31:36	IMG_4708.JPG	342
639	2017:04:06 07:31:35	IMG_4709.JPG	342
640	2017:04:06 09:31:35	IMG_4710.JPG	342
641	2017:04:06 11:31:35	IMG_4711.JPG	342
642	2017:04:06 13:31:34	IMG_4712.JPG	342
643	2017:04:06 15:31:34	IMG_4713.JPG	342
644	2017:04:06 17:31:34	IMG_4714.JPG	342
645	2017:04:07 05:31:32	IMG_4715.JPG	342
646	2017:04:07 07:31:32	IMG_4716.JPG	342
647	2017:04:07 09:31:32	IMG_4717.JPG	342
648	2017:04:07 11:31:31	IMG_4718.JPG	342
649	2017:04:07 13:31:31	IMG_4719.JPG	342
650	2017:04:07 15:31:31	IMG_4720.JPG	342
651	2017:04:07 17:31:30	IMG_4721.JPG	342
652	2017:04:08 07:31:28	IMG_4723.JPG	354
653	2017:04:08 09:31:28	IMG_4724.JPG	354
654	2017:04:08 11:31:28	IMG_4725.JPG	354
655	2017:04:08 13:31:28	IMG_4726.JPG	354
656	2017:04:08 15:31:27	IMG_4727.JPG	354
657	2017:04:08 17:31:27	IMG_4728.JPG	354
